"date","high","low","state","wind","index","mood","mood_code","month","monthf","weekday","weekdayf","week","monthweek","day"
2016-01-01,5,-4,"霾","东北风","3-4级","depressed","1f633",1,"Jan",5,"Fri",0,1,1
2016-01-02,6,-4,"霾~雾","东北风","3-4级","depressed","1f633",1,"Jan",6,"Sat",0,1,2
2016-01-03,3,-4,"霾~多云","西南风","3-4级","depressed","1f633",1,"Jan",0,"Sun",0,1,3
2016-01-04,2,-6,"多云~晴","西北风","3-4级","happy","1f604",1,"Jan",1,"Mon",1,2,4
2016-01-05,1,-7,"晴","西南风","3-4级","happy","1f604",1,"Jan",2,"Tue",1,2,5
2016-01-06,3,-6,"晴","西北风","3-4级","happy","1f604",1,"Jan",3,"Wed",1,2,6
2016-01-07,2,-7,"晴","西北风","3-4级","happy","1f604",1,"Jan",4,"Thu",1,2,7
2016-01-08,2,-8,"晴","西南风","3-4级","happy","1f604",1,"Jan",5,"Fri",1,2,8
2016-01-09,3,-6,"晴~多云","西北风","3-4级","depressed","1f633",1,"Jan",6,"Sat",1,2,9
2016-01-10,1,-8,"多云~晴","东北风","3-4级","happy","1f604",1,"Jan",0,"Sun",1,2,10
2016-01-11,-1,-9,"晴","东北风","3-4级","happy","1f604",1,"Jan",1,"Mon",2,3,11
2016-01-12,0,-8,"晴","西北风","3-4级","happy","1f604",1,"Jan",2,"Tue",2,3,12
2016-01-13,2,-7,"晴~多云","西南风","3-4级","depressed","1f633",1,"Jan",3,"Wed",2,3,13
2016-01-14,3,-7,"晴","南风","3-4级","happy","1f604",1,"Jan",4,"Thu",2,3,14
2016-01-15,4,-5,"多云~阴","东南风","3-4级","depressed","1f633",1,"Jan",5,"Fri",2,3,15
2016-01-16,-1,-5,"阴~小雪","东南风","3-4级","depressed","1f633",1,"Jan",6,"Sat",2,3,16
2016-01-17,-2,-10,"晴","西北风","3-4级","happy","1f604",1,"Jan",0,"Sun",2,3,17
2016-01-18,-4,-12,"晴","东北风","3-4级","happy","1f604",1,"Jan",1,"Mon",3,4,18
2016-01-19,-2,-9,"晴","东南风","3-4级","happy","1f604",1,"Jan",2,"Tue",3,4,19
2016-01-20,-2,-7,"多云~霾","东北风","3-4级","depressed","1f633",1,"Jan",3,"Wed",3,4,20
2016-01-21,-2,-9,"小雪~阴","东南风","3-4级","depressed","1f633",1,"Jan",4,"Thu",3,4,21
2016-01-22,-7,-16,"多云~晴","西北风","3-4级","happy","1f604",1,"Jan",5,"Fri",3,4,22
2016-01-23,-11,-14,"晴","西北风","3-4级","happy","1f604",1,"Jan",6,"Sat",3,4,23
2016-01-24,-3,-11,"晴","东南风","3-4级","happy","1f604",1,"Jan",0,"Sun",3,4,24
2016-01-25,3,-8,"晴","东北风","3-4级","happy","1f604",1,"Jan",1,"Mon",4,5,25
2016-01-26,2,-9,"晴","东南风","3-4级","happy","1f604",1,"Jan",2,"Tue",4,5,26
2016-01-27,3,-7,"晴~多云","东北风","3-4级","depressed","1f633",1,"Jan",3,"Wed",4,5,27
2016-01-28,4,-7,"晴~多云","东南风","3-4级","depressed","1f633",1,"Jan",4,"Thu",4,5,28
2016-01-29,0,-6,"多云~阴","西南风","3-4级","depressed","1f633",1,"Jan",5,"Fri",4,5,29
2016-01-30,-3,-10,"多云~晴","西北风","3-4级","happy","1f604",1,"Jan",6,"Sat",4,5,30
2016-01-31,1,-9,"晴","西南风","3-4级","happy","1f604",1,"Jan",0,"Sun",4,5,31
2016-02-01,4,-8,"晴","东北风","3-4级","happy","1f604",2,"Feb",1,"Mon",5,1,1
2016-02-02,5,-7,"晴","南风","3-4级","happy","1f604",2,"Feb",2,"Tue",5,1,2
2016-02-03,7,-5,"晴~多云","西北风","3-4级","depressed","1f633",2,"Feb",3,"Wed",5,1,3
2016-02-04,4,-5,"多云","西北风","3-4级","depressed","1f633",2,"Feb",4,"Thu",5,1,4
2016-02-05,4,-4,"晴","东北风","3-4级","happy","1f604",2,"Feb",5,"Fri",5,1,5
2016-02-06,6,-6,"晴","东南风","3-4级","happy","1f604",2,"Feb",6,"Sat",5,1,6
2016-02-07,8,-4,"晴","西南风","3-4级","happy","1f604",2,"Feb",0,"Sun",5,1,7
2016-02-08,12,-3,"晴","东北风","3-4级","happy","1f604",2,"Feb",1,"Mon",6,2,8
2016-02-09,10,-3,"晴~霾","东北风","3-4级","depressed","1f633",2,"Feb",2,"Tue",6,2,9
2016-02-10,9,0,"晴~阴","东北风","3-4级","depressed","1f633",2,"Feb",3,"Wed",6,2,10
2016-02-11,6,-1,"小雨~阴","东北风","3-4级","depressed","1f633",2,"Feb",4,"Thu",6,2,11
2016-02-12,10,2,"小雨~雨夹雪","东北风","3-4级","depressed","1f633",2,"Feb",5,"Fri",6,2,12
2016-02-13,4,-6,"阴~晴","西北风","3-4级","happy","1f604",2,"Feb",6,"Sat",6,2,13
2016-02-14,1,-6,"晴","西北风","3-4级","happy","1f604",2,"Feb",0,"Sun",6,2,14
2016-02-15,5,-4,"晴","西北风","3-4级","happy","1f604",2,"Feb",1,"Mon",7,3,15
2016-02-16,9,-4,"晴","东北风","3-4级","happy","1f604",2,"Feb",2,"Tue",7,3,16
2016-02-17,9,-2,"晴","西南风","3-4级","happy","1f604",2,"Feb",3,"Wed",7,3,17
2016-02-18,9,-2,"晴~阴","东北风","3-4级","depressed","1f633",2,"Feb",4,"Thu",7,3,18
2016-02-19,8,-4,"多云~晴","东北风","3-4级","happy","1f604",2,"Feb",5,"Fri",7,3,19
2016-02-20,4,-6,"晴","西南风","3-4级","happy","1f604",2,"Feb",6,"Sat",7,3,20
2016-02-21,6,-3,"晴~多云","东南风","3-4级","depressed","1f633",2,"Feb",0,"Sun",7,3,21
2016-02-22,8,-4,"晴","西北风","3-4级","happy","1f604",2,"Feb",1,"Mon",8,4,22
2016-02-23,4,-6,"晴","东北风","3-4级","happy","1f604",2,"Feb",2,"Tue",8,4,23
2016-02-24,7,-3,"晴~多云","西北风","3-4级","depressed","1f633",2,"Feb",3,"Wed",8,4,24
2016-02-25,6,-5,"晴","西北风","3-4级","happy","1f604",2,"Feb",4,"Thu",8,4,25
2016-02-26,8,-2,"多云~晴","西北风","3-4级","happy","1f604",2,"Feb",5,"Fri",8,4,26
2016-02-27,7,-2,"多云~阴","东南风","3-4级","depressed","1f633",2,"Feb",6,"Sat",8,4,27
2016-02-28,8,-4,"晴","东北风","3-4级","happy","1f604",2,"Feb",0,"Sun",8,4,28
2016-02-29,5,-4,"晴~多云","西南风","3-4级","depressed","1f633",2,"Feb",1,"Mon",9,5,29
2016-03-01,10,-2,"晴","东南风","3-4级","happy","1f604",3,"Mar",2,"Tue",9,1,1
2016-03-02,17,2,"晴~多云","东南风","3-4级","depressed","1f633",3,"Mar",3,"Wed",9,1,2
2016-03-03,16,3,"霾~多云","东北风","3-4级","depressed","1f633",3,"Mar",4,"Thu",9,1,3
2016-03-04,11,5,"霾~晴","西北风","3-4级","happy","1f604",3,"Mar",5,"Fri",9,1,4
2016-03-05,12,-1,"浮尘~晴","东北风","3-4级","happy","1f604",3,"Mar",6,"Sat",9,1,5
2016-03-06,11,-2,"多云~晴","南风","3-4级","happy","1f604",3,"Mar",0,"Sun",9,1,6
2016-03-07,12,-1,"晴~多云","东北风","3-4级","depressed","1f633",3,"Mar",1,"Mon",10,2,7
2016-03-08,6,-2,"多云~晴","东北风","3-4级","happy","1f604",3,"Mar",2,"Tue",10,2,8
2016-03-09,6,-4,"多云~晴","西北风","3-4级","happy","1f604",3,"Mar",3,"Wed",10,2,9
2016-03-10,7,-4,"晴","西北风","3-4级","happy","1f604",3,"Mar",4,"Thu",10,2,10
2016-03-11,8,-2,"晴~多云","西南风","3-4级","depressed","1f633",3,"Mar",5,"Fri",10,2,11
2016-03-12,9,2,"多云~晴","东北风","3-4级","happy","1f604",3,"Mar",6,"Sat",10,2,12
2016-03-13,12,-2,"晴","西南风","3-4级","happy","1f604",3,"Mar",0,"Sun",10,2,13
2016-03-14,15,3,"晴~多云","西南风","3-4级","depressed","1f633",3,"Mar",1,"Mon",11,3,14
2016-03-15,14,2,"多云~霾","西南风","3-4级","depressed","1f633",3,"Mar",2,"Tue",11,3,15
2016-03-16,17,6,"霾","西南风","3-4级","depressed","1f633",3,"Mar",3,"Wed",11,3,16
2016-03-17,18,6,"霾~雾","南风","3-4级","depressed","1f633",3,"Mar",4,"Thu",11,3,17
2016-03-18,21,5,"霾~多云","东北风","3-4级","depressed","1f633",3,"Mar",5,"Fri",11,3,18
2016-03-19,16,3,"多云","西南风","3-4级","depressed","1f633",3,"Mar",6,"Sat",11,3,19
2016-03-20,17,4,"晴","西南风","3-4级","happy","1f604",3,"Mar",0,"Sun",11,3,20
2016-03-21,20,7,"晴~多云","东南风","3-4级","depressed","1f633",3,"Mar",1,"Mon",12,4,21
2016-03-22,14,5,"阴~晴","东南风","3-4级","happy","1f604",3,"Mar",2,"Tue",12,4,22
2016-03-23,15,3,"晴","东北风","3-4级","happy","1f604",3,"Mar",3,"Wed",12,4,23
2016-03-24,15,3,"晴","西南风","3-4级","happy","1f604",3,"Mar",4,"Thu",12,4,24
2016-03-25,15,3,"晴","西南风","3-4级","happy","1f604",3,"Mar",5,"Fri",12,4,25
2016-03-26,19,5,"晴","西北风","3-4级","happy","1f604",3,"Mar",6,"Sat",12,4,26
2016-03-27,21,5,"晴~多云","西南风","3-4级","depressed","1f633",3,"Mar",0,"Sun",12,4,27
2016-03-28,22,8,"多云~晴","西北风","3-4级","happy","1f604",3,"Mar",1,"Mon",13,5,28
2016-03-29,22,7,"晴","西南风","3-4级","happy","1f604",3,"Mar",2,"Tue",13,5,29
2016-03-30,22,7,"晴","东北风","3-4级","happy","1f604",3,"Mar",3,"Wed",13,5,30
2016-03-31,23,13,"晴~阴","西南风","3-4级","depressed","1f633",3,"Mar",4,"Thu",13,5,31
2016-04-01,23,11,"晴~多云","东北风","3-4级","depressed","1f633",4,"Apr",5,"Fri",13,1,1
2016-04-02,18,8,"多云","西北风","3-4级","depressed","1f633",4,"Apr",6,"Sat",13,1,2
2016-04-03,19,6,"晴","西南风","3-4级","happy","1f604",4,"Apr",0,"Sun",13,1,3
2016-04-04,22,8,"晴","西南风","3-4级","happy","1f604",4,"Apr",1,"Mon",14,2,4
2016-04-05,24,11,"晴~阴","东北风","3-4级","depressed","1f633",4,"Apr",2,"Tue",14,2,5
2016-04-06,22,12,"阵雨","东北风","3-4级","angry","1f62d",4,"Apr",3,"Wed",14,2,6
2016-04-07,24,8,"晴","东北风","3-4级","happy","1f604",4,"Apr",4,"Thu",14,2,7
2016-04-08,25,10,"晴","西南风","3-4级","happy","1f604",4,"Apr",5,"Fri",14,2,8
2016-04-09,26,8,"晴","东南风","3-4级","happy","1f604",4,"Apr",6,"Sat",14,2,9
2016-04-10,19,5,"晴","东南风","3-4级","happy","1f604",4,"Apr",0,"Sun",14,2,10
2016-04-11,17,8,"阴~小雨","东北风","3-4级","angry","1f62d",4,"Apr",1,"Mon",15,3,11
2016-04-12,19,8,"多云~晴","西南风","3-4级","happy","1f604",4,"Apr",2,"Tue",15,3,12
2016-04-13,26,11,"晴","西北风","3-4级","happy","1f604",4,"Apr",3,"Wed",15,3,13
2016-04-14,24,10,"晴~多云","西南风","3-4级","depressed","1f633",4,"Apr",4,"Thu",15,3,14
2016-04-15,23,13,"阵雨~小雨","西北风","3-4级","angry","1f62d",4,"Apr",5,"Fri",15,3,15
2016-04-16,22,11,"多云~晴","西北风","3-4级","happy","1f604",4,"Apr",6,"Sat",15,3,16
2016-04-17,20,10,"晴~阴","西北风","3-4级","depressed","1f633",4,"Apr",0,"Sun",15,3,17
2016-04-18,21,8,"晴~阴","西南风","3-4级","depressed","1f633",4,"Apr",1,"Mon",16,4,18
2016-04-19,15,8,"小雨~阴","东北风","3-4级","depressed","1f633",4,"Apr",2,"Tue",16,4,19
2016-04-20,26,10,"晴","西南风","3-4级","happy","1f604",4,"Apr",3,"Wed",16,4,20
2016-04-21,30,15,"晴","西北风","3-4级","happy","1f604",4,"Apr",4,"Thu",16,4,21
2016-04-22,25,11,"晴","东北风","3-4级","happy","1f604",4,"Apr",5,"Fri",16,4,22
2016-04-23,23,8,"晴","西南风","3-4级","happy","1f604",4,"Apr",6,"Sat",16,4,23
2016-04-24,27,17,"晴","西南风","3-4级","happy","1f604",4,"Apr",0,"Sun",16,4,24
2016-04-25,29,14,"晴~多云","东南风","3-4级","depressed","1f633",4,"Apr",1,"Mon",17,5,25
2016-04-26,24,14,"多云~阴","东南风","3-4级","depressed","1f633",4,"Apr",2,"Tue",17,5,26
2016-04-27,19,12,"小雨~阴","西北风","3-4级","depressed","1f633",4,"Apr",3,"Wed",17,5,27
2016-04-28,26,13,"多云","东北风","3-4级","depressed","1f633",4,"Apr",4,"Thu",17,5,28
2016-04-29,28,15,"多云~晴","西北风","3-4级","happy","1f604",4,"Apr",5,"Fri",17,5,29
2016-04-30,31,15,"霾~多云","东南风","3-4级","depressed","1f633",4,"Apr",6,"Sat",17,5,30
2016-05-01,32,18,"霾~雷阵雨","西南风","3-4级","angry","1f62d",5,"May",0,"Sun",17,1,1
2016-05-02,18,12,"阵雨~多云","东北风","3-4级","depressed","1f633",5,"May",1,"Mon",18,2,2
2016-05-03,27,10,"晴","南风","3-4级","happy","1f604",5,"May",2,"Tue",18,2,3
2016-05-04,28,15,"多云~阵雨","东北风","3-4级","angry","1f62d",5,"May",3,"Wed",18,2,4
2016-05-05,27,16,"多云~晴","西北风","3-4级","happy","1f604",5,"May",4,"Thu",18,2,5
2016-05-06,25,13,"晴","西北风","3-4级","happy","1f604",5,"May",5,"Fri",18,2,6
2016-05-07,28,12,"晴","西南风","3-4级","happy","1f604",5,"May",6,"Sat",18,2,7
2016-05-08,27,15,"晴~阴","西南风","3-4级","depressed","1f633",5,"May",0,"Sun",18,2,8
2016-05-09,22,12,"小雨~多云","东北风","3-4级","depressed","1f633",5,"May",1,"Mon",19,3,9
2016-05-10,28,17,"晴~多云","西南风","3-4级","depressed","1f633",5,"May",2,"Tue",19,3,10
2016-05-11,29,19,"多云~雷阵雨","西北风","3-4级","angry","1f62d",5,"May",3,"Wed",19,3,11
2016-05-12,23,9,"阴~晴","南风","3-4级","happy","1f604",5,"May",4,"Thu",19,3,12
2016-05-13,25,13,"晴~阵雨","西南风","3-4级","angry","1f62d",5,"May",5,"Fri",19,3,13
2016-05-14,14,11,"小雨","西南风","3-4级","angry","1f62d",5,"May",6,"Sat",19,3,14
2016-05-15,25,10,"晴","西南风","3-4级","happy","1f604",5,"May",0,"Sun",19,3,15
2016-05-16,30,16,"晴","西南风","3-4级","happy","1f604",5,"May",1,"Mon",20,4,16
2016-05-17,31,17,"晴","西南风","3-4级","happy","1f604",5,"May",2,"Tue",20,4,17
2016-05-18,29,18,"晴~多云","西南风","3-4级","depressed","1f633",5,"May",3,"Wed",20,4,18
2016-05-19,29,15,"晴","西南风","3-4级","happy","1f604",5,"May",4,"Thu",20,4,19
2016-05-20,29,16,"晴~霾","东南风","3-4级","depressed","1f633",5,"May",5,"Fri",20,4,20
2016-05-21,30,15,"晴~霾","东北风","3-4级","depressed","1f633",5,"May",6,"Sat",20,4,21
2016-05-22,29,18,"晴~多云","西南风","3-4级","depressed","1f633",5,"May",0,"Sun",20,4,22
2016-05-23,24,13,"阵雨","东北风","3-4级","angry","1f62d",5,"May",1,"Mon",21,5,23
2016-05-24,29,17,"晴~阴","西北风","3-4级","depressed","1f633",5,"May",2,"Tue",21,5,24
2016-05-25,28,17,"多云~晴","西北风","3-4级","happy","1f604",5,"May",3,"Wed",21,5,25
2016-05-26,30,16,"晴","西南风","3-4级","happy","1f604",5,"May",4,"Thu",21,5,26
2016-05-27,31,18,"多云~晴","西南风","3-4级","happy","1f604",5,"May",5,"Fri",21,5,27
2016-05-28,30,17,"多云~晴","西南风","3-4级","happy","1f604",5,"May",6,"Sat",21,5,28
2016-05-29,31,17,"晴","西南风","3-4级","happy","1f604",5,"May",0,"Sun",21,5,29
2016-05-30,34,23,"多云~阴","西南风","3-4级","depressed","1f633",5,"May",1,"Mon",22,6,30
2016-05-31,28,17,"多云","东南风","3-4级","depressed","1f633",5,"May",2,"Tue",22,6,31
2016-06-01,30,18,"多云","西南风","3-4级","depressed","1f633",6,"Jun",3,"Wed",22,1,1
2016-06-02,31,20,"晴~多云","西南风","3-4级","depressed","1f633",6,"Jun",4,"Thu",22,1,2
2016-06-03,29,19,"阴","西南风","3-4级","depressed","1f633",6,"Jun",5,"Fri",22,1,3
2016-06-04,30,19,"阴","东南风","3-4级","depressed","1f633",6,"Jun",6,"Sat",22,1,4
2016-06-05,30,18,"多云","东南风","3-4级","depressed","1f633",6,"Jun",0,"Sun",22,1,5
2016-06-06,31,20,"多云~雷阵雨","东北风","3-4级","angry","1f62d",6,"Jun",1,"Mon",23,2,6
2016-06-07,26,16,"多云~晴","西南风","3-4级","happy","1f604",6,"Jun",2,"Tue",23,2,7
2016-06-08,31,19,"多云","东南风","3-4级","depressed","1f633",6,"Jun",3,"Wed",23,2,8
2016-06-09,32,22,"阴~雷阵雨","西南风","3-4级","angry","1f62d",6,"Jun",4,"Thu",23,2,9
2016-06-10,31,20,"雷阵雨~晴","西北风","3-4级","happy","1f604",6,"Jun",5,"Fri",23,2,10
2016-06-11,30,18,"多云~晴","西南风","3-4级","happy","1f604",6,"Jun",6,"Sat",23,2,11
2016-06-12,31,20,"多云~阴","东南风","3-4级","depressed","1f633",6,"Jun",0,"Sun",23,2,12
2016-06-13,22,18,"雷阵雨~中到大雨","西北风","3-4级","Terrified","1f621",6,"Jun",1,"Mon",24,3,13
2016-06-14,24,18,"雷阵雨~阴","东北风","3-4级","angry","1f62d",6,"Jun",2,"Tue",24,3,14
2016-06-15,31,17,"晴","东北风","3-4级","happy","1f604",6,"Jun",3,"Wed",24,3,15
2016-06-16,34,22,"晴~多云","西南风","3-4级","depressed","1f633",6,"Jun",4,"Thu",24,3,16
2016-06-17,32,20,"多云~雷阵雨","东北风","3-4级","angry","1f62d",6,"Jun",5,"Fri",24,3,17
2016-06-18,33,21,"多云~晴","西南风","3-4级","happy","1f604",6,"Jun",6,"Sat",24,3,18
2016-06-19,35,24,"多云~雷阵雨","西南风","3-4级","angry","1f62d",6,"Jun",0,"Sun",24,3,19
2016-06-20,33,22,"雷阵雨","东北风","3-4级","angry","1f62d",6,"Jun",1,"Mon",25,4,20
2016-06-21,34,23,"雷阵雨","西南风","3-4级","angry","1f62d",6,"Jun",2,"Tue",25,4,21
2016-06-23,35,20,"阴~多云","东南风","3-4级","depressed","1f633",6,"Jun",4,"Thu",25,4,23
2016-06-24,33,21,"阴~晴","西北风","3-4级","happy","1f604",6,"Jun",5,"Fri",25,4,24
2016-06-25,35,22,"晴","西南风","3-4级","happy","1f604",6,"Jun",6,"Sat",25,4,25
2016-06-26,36,24,"晴~阴","西南风","3-4级","depressed","1f633",6,"Jun",0,"Sun",25,4,26
2016-06-27,32,21,"雷阵雨","东北风","3-4级","angry","1f62d",6,"Jun",1,"Mon",26,5,27
2016-06-28,23,20,"雷阵雨","南风","3-4级","angry","1f62d",6,"Jun",2,"Tue",26,5,28
2016-06-29,29,22,"雷阵雨","东南风","3-4级","angry","1f62d",6,"Jun",3,"Wed",26,5,29
2016-06-30,31,22,"多云~雷阵雨","东南风","3-4级","angry","1f62d",6,"Jun",4,"Thu",26,5,30
2016-07-01,32,21,"晴~多云","西南风","3-4级","depressed","1f633",7,"Jul",5,"Fri",26,1,1
2016-07-02,33,21,"晴~多云","西南风","3-4级","depressed","1f633",7,"Jul",6,"Sat",26,1,2
2016-07-03,31,23,"雷阵雨~阴","西南风","3-4级","angry","1f62d",7,"Jul",0,"Sun",26,1,3
2016-07-04,30,20,"霾~多云","","3-4级","depressed","1f633",7,"Jul",1,"Mon",27,2,4
2016-07-05,32,22,"多云~霾","","3-4级","depressed","1f633",7,"Jul",2,"Tue",27,2,5
2016-07-06,32,22,"晴~霾","","3-4级","depressed","1f633",7,"Jul",3,"Wed",27,2,6
2016-07-07,33,23,"晴~霾","","3-4级","depressed","1f633",7,"Jul",4,"Thu",27,2,7
2016-07-08,32,24,"多云~霾","","3-4级","depressed","1f633",7,"Jul",5,"Fri",27,2,8
2016-07-09,34,25,"多云~霾","","3-4级","depressed","1f633",7,"Jul",6,"Sat",27,2,9
2016-07-10,36,26,"多云~霾","","3-4级","depressed","1f633",7,"Jul",0,"Sun",27,2,10
2016-07-11,36,24,"多云~雷阵雨","","3-4级","angry","1f62d",7,"Jul",1,"Mon",28,3,11
2016-07-12,28,23,"阵雨~晴","东北风","3-4级","happy","1f604",7,"Jul",2,"Tue",28,3,12
2016-07-13,35,23,"晴~多云","东北风","3-4级","depressed","1f633",7,"Jul",3,"Wed",28,3,13
2016-07-14,31,22,"阵雨","西风","3-4级","angry","1f62d",7,"Jul",4,"Thu",28,3,14
2016-07-15,28,21,"阵雨转多云","东北风","3-4级","depressed","1f633",7,"Jul",5,"Fri",28,3,15
2016-07-16,28,22,"阵雨转多云","北风","3-4级","depressed","1f633",7,"Jul",6,"Sat",28,3,16
2016-07-17,32,23,"多云转晴","东北风","3-4级","happy","1f604",7,"Jul",0,"Sun",28,3,17
2016-07-18,31,24,"多云转阴","东风","3-4级","depressed","1f633",7,"Jul",1,"Mon",29,4,18
2016-07-19,26,22,"中到大雨","东北风","3-4级","Terrified","1f621",7,"Jul",2,"Tue",29,4,19
2016-07-20,23,21,"暴雨","东北风","3-4级","Terrified","1f621",7,"Jul",3,"Wed",29,4,20
2016-07-21,28,23,"阵雨","北风","3-4级","angry","1f62d",7,"Jul",4,"Thu",29,4,21
2016-07-22,31,25,"多云","南风","3-4级","depressed","1f633",7,"Jul",5,"Fri",29,4,22
2016-07-23,33,26,"雷阵雨","南风","3-4级","angry","1f62d",7,"Jul",6,"Sat",29,4,23
2016-07-24,33,24,"雷阵雨","东南风","3-4级","angry","1f62d",7,"Jul",0,"Sun",29,4,24
2016-07-25,29,23,"阵雨","东北风","3-4级","angry","1f62d",7,"Jul",1,"Mon",30,5,25
2016-07-26,33,24,"晴","西南风","3-4级","happy","1f604",7,"Jul",2,"Tue",30,5,26
2016-07-27,34,25,"多云","北风","3-4级","depressed","1f633",7,"Jul",3,"Wed",30,5,27
2016-07-28,33,23,"雷阵雨","西风","3-4级","angry","1f62d",7,"Jul",4,"Thu",30,5,28
2016-07-29,32,25,"多云","东风","3-4级","depressed","1f633",7,"Jul",5,"Fri",30,5,29
2016-07-30,29,25,"雷阵雨","西南风","3-4级","angry","1f62d",7,"Jul",6,"Sat",30,5,30
2016-07-31,32,24,"阴","东风","3-4级","depressed","1f633",7,"Jul",0,"Sun",30,5,31
2016-08-01,30,24,"阴","南风~北风","1级","depressed","1f633",8,"Aug",1,"Mon",31,1,1
2016-08-02,33,24,"晴","南风~北风","2级","happy","1f604",8,"Aug",2,"Tue",31,1,2
2016-08-03,34,25,"晴","西南风","1级","happy","1f604",8,"Aug",3,"Wed",31,1,3
2016-08-04,33,25,"多云","东南风","2级","depressed","1f633",8,"Aug",4,"Thu",31,1,4
2016-08-05,32,25,"多云","东南风","2级","depressed","1f633",8,"Aug",5,"Fri",31,1,5
2016-08-06,33,24,"多云","西南风","2级","depressed","1f633",8,"Aug",6,"Sat",31,1,6
2016-08-07,31,23,"晴","西南风","1级","happy","1f604",8,"Aug",0,"Sun",31,1,7
2016-08-08,32,24,"晴","西南风","2级","happy","1f604",8,"Aug",1,"Mon",32,2,8
2016-08-09,33,25,"晴","西南风","2级","happy","1f604",8,"Aug",2,"Tue",32,2,9
2016-08-10,33,26,"多云","西南风","2级","depressed","1f633",8,"Aug",3,"Wed",32,2,10
2016-08-11,34,27,"多云","南风","1级","depressed","1f633",8,"Aug",4,"Thu",32,2,11
2016-08-12,29,25,"中雨","东北风","1级","angry","1f62d",8,"Aug",5,"Fri",32,2,12
2016-08-13,31,24,"阵雨","西北风","2级","angry","1f62d",8,"Aug",6,"Sat",32,2,13
2016-08-14,33,24,"多云","西南风","2级","depressed","1f633",8,"Aug",0,"Sun",32,2,14
2016-08-15,29,21,"阵雨","西风","2级","angry","1f62d",8,"Aug",1,"Mon",33,3,15
2016-08-16,31,23,"晴","西南风","2级","happy","1f604",8,"Aug",2,"Tue",33,3,16
2016-08-17,28,23,"阵雨","北风","2级","angry","1f62d",8,"Aug",3,"Wed",33,3,17
2016-08-18,24,22,"小到中雨","东北风","2级","angry","1f62d",8,"Aug",4,"Thu",33,3,18
2016-08-19,32,22,"晴","南风","2级","happy","1f604",8,"Aug",5,"Fri",33,3,19
2016-08-20,31,23,"多云","南风","2级","depressed","1f633",8,"Aug",6,"Sat",33,3,20
2016-08-21,34,23,"晴","西南风","2级","happy","1f604",8,"Aug",0,"Sun",33,3,21
2016-08-22,32,23,"多云","西南风","1级","depressed","1f633",8,"Aug",1,"Mon",34,4,22
2016-08-23,30,24,"阵雨","东北风","1级","angry","1f62d",8,"Aug",2,"Tue",34,4,23
2016-08-24,31,24,"阵雨","西南风","2级","angry","1f62d",8,"Aug",3,"Wed",34,4,24
2016-08-25,30,18,"多云","东北风","2级","depressed","1f633",8,"Aug",4,"Thu",34,4,25
2016-08-26,29,17,"晴","西南风","2级","happy","1f604",8,"Aug",5,"Fri",34,4,26
2016-08-27,32,20,"晴","西南风","2级","happy","1f604",8,"Aug",6,"Sat",34,4,27
2016-08-28,31,18,"晴","西南风","2级","happy","1f604",8,"Aug",0,"Sun",34,4,28
2016-08-29,31,19,"晴","南风","1级","happy","1f604",8,"Aug",1,"Mon",35,5,29
2016-08-30,31,19,"多云","西南风","2级","depressed","1f633",8,"Aug",2,"Tue",35,5,30
2016-08-31,33,19,"晴","北风","2级","happy","1f604",8,"Aug",3,"Wed",35,5,31
2016-09-01,27,19,"阴","西风","1级","depressed","1f633",9,"Sep",4,"Thu",35,1,1
2016-09-02,28,19,"多云","东风","2级","depressed","1f633",9,"Sep",5,"Fri",35,1,2
2016-09-03,30,20,"晴","西南风","2级","happy","1f604",9,"Sep",6,"Sat",35,1,3
2016-09-04,29,18,"雷阵雨","西南风","1级","angry","1f62d",9,"Sep",0,"Sun",35,1,4
2016-09-05,31,20,"晴","西南风","2级","happy","1f604",9,"Sep",1,"Mon",36,2,5
2016-09-06,30,21,"多云","西南风","2级","depressed","1f633",9,"Sep",2,"Tue",36,2,6
2016-09-07,31,19,"晴","南风","1级","happy","1f604",9,"Sep",3,"Wed",36,2,7
2016-09-08,31,18,"晴","西南风","1级","happy","1f604",9,"Sep",4,"Thu",36,2,8
2016-09-09,31,19,"多云","西南风","2级","depressed","1f633",9,"Sep",5,"Fri",36,2,9
2016-09-10,30,18,"多云","西南风","1级","depressed","1f633",9,"Sep",6,"Sat",36,2,10
2016-09-11,25,18,"雷阵雨","东风","2级","angry","1f62d",9,"Sep",0,"Sun",36,2,11
2016-09-12,27,18,"多云","南风","1级","depressed","1f633",9,"Sep",1,"Mon",37,3,12
2016-09-13,27,19,"多云","南风","1级","depressed","1f633",9,"Sep",2,"Tue",37,3,13
2016-09-14,30,20,"多云","西南风","1级","depressed","1f633",9,"Sep",3,"Wed",37,3,14
2016-09-15,30,21,"晴","南风","1级","happy","1f604",9,"Sep",4,"Thu",37,3,15
2016-09-16,30,20,"雷阵雨","东风","2级","angry","1f62d",9,"Sep",5,"Fri",37,3,16
2016-09-17,24,17,"多云","东北风","1级","depressed","1f633",9,"Sep",6,"Sat",37,3,17
2016-09-18,22,15,"阵雨","北风","1级","angry","1f62d",9,"Sep",0,"Sun",37,3,18
2016-09-19,25,13,"晴","东风","1级","happy","1f604",9,"Sep",1,"Mon",38,4,19
2016-09-20,26,14,"晴","东南风","1级","happy","1f604",9,"Sep",2,"Tue",38,4,20
2016-09-21,23,16,"阵雨","东北风","1级","angry","1f62d",9,"Sep",3,"Wed",38,4,21
2016-09-22,26,17,"阵雨","南风","2级","angry","1f62d",9,"Sep",4,"Thu",38,4,22
2016-09-23,27,19,"晴","南风","1级","happy","1f604",9,"Sep",5,"Fri",38,4,23
2016-09-24,29,20,"多云","南风","1级","depressed","1f633",9,"Sep",6,"Sat",38,4,24
2016-09-25,27,19,"霾","东南风","1级","depressed","1f633",9,"Sep",0,"Sun",38,4,25
2016-09-26,24,19,"阵雨","南风","微风","angry","1f62d",9,"Sep",1,"Mon",39,5,26
2016-09-27,23,12,"多云","东北风","2级","depressed","1f633",9,"Sep",2,"Tue",39,5,27
2016-09-28,20,10,"晴","西南风","2级","happy","1f604",9,"Sep",3,"Wed",39,5,28
2016-09-29,22,12,"晴","南风","1级","happy","1f604",9,"Sep",4,"Thu",39,5,29
2016-09-30,24,14,"晴","西南风","1级","happy","1f604",9,"Sep",5,"Fri",39,5,30
2016-10-01,26,15,"霾","东风","1级","depressed","1f633",10,"Oct",6,"Sat",39,1,1
2016-10-02,26,16,"霾","东南风","1级","depressed","1f633",10,"Oct",0,"Sun",39,1,2
2016-10-03,28,16,"霾","东北风","1级","depressed","1f633",10,"Oct",1,"Mon",40,2,3
2016-10-04,19,11,"小雨","东北风","2级","angry","1f62d",10,"Oct",2,"Tue",40,2,4
2016-10-05,21,13,"多云","西南风","1级","depressed","1f633",10,"Oct",3,"Wed",40,2,5
2016-10-06,17,14,"小雨","东南风","2级","angry","1f62d",10,"Oct",4,"Thu",40,2,6
2016-10-07,16,12,"小雨","西风","1级","angry","1f62d",10,"Oct",5,"Fri",40,2,7
2016-10-08,19,5,"晴","东北风","1级","happy","1f604",10,"Oct",6,"Sat",40,2,8
2016-10-09,18,8,"多云","南风","1级","depressed","1f633",10,"Oct",0,"Sun",40,2,9
2016-10-10,20,10,"多云","北风","微风","depressed","1f633",10,"Oct",1,"Mon",41,3,10
2016-10-11,20,10,"晴","东南风","2级","happy","1f604",10,"Oct",2,"Tue",41,3,11
2016-10-12,19,10,"阴","西南风","1级","depressed","1f633",10,"Oct",3,"Wed",41,3,12
2016-10-13,22,12,"霾","南风","1级","depressed","1f633",10,"Oct",4,"Thu",41,3,13
2016-10-14,23,13,"霾","东风","1级","depressed","1f633",10,"Oct",5,"Fri",41,3,14
2016-10-15,17,11,"小雨","南风","1级","angry","1f62d",10,"Oct",6,"Sat",41,3,15
2016-10-16,20,12,"霾","西南风","1级","depressed","1f633",10,"Oct",0,"Sun",41,3,16
2016-10-17,21,9,"晴","东南风","1级","happy","1f604",10,"Oct",1,"Mon",42,4,17
2016-10-18,20,12,"阴","南风","1级","depressed","1f633",10,"Oct",2,"Tue",42,4,18
2016-10-19,22,14,"霾","北风","1级","depressed","1f633",10,"Oct",3,"Wed",42,4,19
2016-10-20,15,11,"小雨","东北风","1级","angry","1f62d",10,"Oct",4,"Thu",42,4,20
2016-10-21,11,11,"小雨","北风","1级","angry","1f62d",10,"Oct",5,"Fri",42,4,21
2016-10-22,15,7,"多云","东风","1级","depressed","1f633",10,"Oct",6,"Sat",42,4,22
2016-10-23,5,0,"多云","无持续风向","小于3级","depressed","1f633",10,"Oct",0,"Sun",42,4,23
2016-10-24,13,6,"阴","西南风","1级","depressed","1f633",10,"Oct",1,"Mon",43,5,24
2016-10-25,17,10,"霾","西南风","1级","depressed","1f633",10,"Oct",2,"Tue",43,5,25
2016-10-26,10,0,"阴","无持续风向","小于3级","depressed","1f633",10,"Oct",3,"Wed",43,5,26
2016-10-27,11,7,"小雨","北风","1级","angry","1f62d",10,"Oct",4,"Thu",43,5,27
2016-10-28,13,2,"晴","北风","1级","happy","1f604",10,"Oct",5,"Fri",43,5,28
2016-10-29,12,2,"晴","西南风","2级","happy","1f604",10,"Oct",6,"Sat",43,5,29
2016-10-30,13,2,"多云","北风","4级","depressed","1f633",10,"Oct",0,"Sun",43,5,30
2016-10-31,6,-4,"晴","西北风","2级","happy","1f604",10,"Oct",1,"Mon",44,6,31
2016-11-01,8,-2,"多云","西南风","2级","depressed","1f633",11,"Nov",2,"Tue",44,1,1
2016-11-02,12,1,"晴","西南风","2级","happy","1f604",11,"Nov",3,"Wed",44,1,2
2016-11-03,13,2,"霾","南风","2级","depressed","1f633",11,"Nov",4,"Thu",44,1,3
2016-11-04,14,4,"霾","西风","1级","depressed","1f633",11,"Nov",5,"Fri",44,1,4
2016-11-05,18,2,"晴","南风","2级","happy","1f604",11,"Nov",6,"Sat",44,1,5
2016-11-06,10,3,"阴","北风","1级","depressed","1f633",11,"Nov",0,"Sun",44,1,6
2016-11-07,11,2,"晴","西北风","2级","happy","1f604",11,"Nov",1,"Mon",45,2,7
2016-11-08,11,-1,"晴","南风","2级","happy","1f604",11,"Nov",2,"Tue",45,2,8
2016-11-09,8,2,"霾","东北风","1级","depressed","1f633",11,"Nov",3,"Wed",45,2,9
2016-11-10,10,1,"霾","南风","1级","depressed","1f633",11,"Nov",4,"Thu",45,2,10
2016-11-11,11,1,"多云","北风","微风","depressed","1f633",11,"Nov",5,"Fri",45,2,11
2016-11-12,12,2,"晴","东南风","1级","happy","1f604",11,"Nov",6,"Sat",45,2,12
2016-11-13,11,3,"霾","东风","1级","depressed","1f633",11,"Nov",0,"Sun",45,2,13
2016-11-14,13,-2,"晴","东北风","2级","happy","1f604",11,"Nov",1,"Mon",46,3,14
2016-11-15,11,0,"晴","南风","微风","happy","1f604",11,"Nov",2,"Tue",46,3,15
2016-11-16,11,2,"晴","东风","1级","happy","1f604",11,"Nov",3,"Wed",46,3,16
2016-11-17,7,4,"霾","东风","1级","depressed","1f633",11,"Nov",4,"Thu",46,3,17
2016-11-18,10,6,"霾","北风","1级","depressed","1f633",11,"Nov",5,"Fri",46,3,18
2016-11-19,3,0,"小雨","无持续风向","小于3级","angry","1f62d",11,"Nov",6,"Sat",46,3,19
2016-11-20,5,-1,"雨夹雪","东北风","3级","angry","1f62d",11,"Nov",0,"Sun",46,3,20
2016-11-21,0,-9,"小雪","北风","3级","angry","1f62d",11,"Nov",1,"Mon",47,4,21
2016-11-22,0,-8,"晴","北风","2级","happy","1f604",11,"Nov",2,"Tue",47,4,22
2016-11-23,3,-6,"晴","西北风","2级","happy","1f604",11,"Nov",3,"Wed",47,4,23
2016-11-24,4,-6,"晴","南风","1级","happy","1f604",11,"Nov",4,"Thu",47,4,24
2016-11-25,5,-5,"霾","西南风","1级","depressed","1f633",11,"Nov",5,"Fri",47,4,25
2016-11-26,8,-4,"霾","西南风","1级","depressed","1f633",11,"Nov",6,"Sat",47,4,26
2016-11-27,8,-4,"晴","东北风","2级","happy","1f604",11,"Nov",0,"Sun",47,4,27
2016-11-28,8,-4,"晴","南风","微风","happy","1f604",11,"Nov",1,"Mon",48,5,28
2016-11-29,4,-3,"雨夹雪","东北风","1级","angry","1f62d",11,"Nov",2,"Tue",48,5,29
2016-11-30,9,-1,"霾","东北风","1级","depressed","1f633",11,"Nov",3,"Wed",48,5,30
2016-12-01,9,-4,"晴","南风","1级","happy","1f604",12,"Dec",4,"Thu",48,1,1
2016-12-02,9,-3,"霾","西南风","1级","depressed","1f633",12,"Dec",5,"Fri",48,1,2
2016-12-03,8,-2,"霾","东北风","1级","depressed","1f633",12,"Dec",6,"Sat",48,1,3
2016-12-04,9,-2,"霾","东北风","1级","depressed","1f633",12,"Dec",0,"Sun",48,1,4
2016-12-05,6,-5,"晴","东风","1级","happy","1f604",12,"Dec",1,"Mon",49,2,5
2016-12-06,6,-3,"晴","南风","微风","happy","1f604",12,"Dec",2,"Tue",49,2,6
2016-12-07,8,-2,"多云","西南风","1级","depressed","1f633",12,"Dec",3,"Wed",49,2,7
2016-12-08,9,-2,"晴","东北风","2级","happy","1f604",12,"Dec",4,"Thu",49,2,8
2016-12-09,5,-5,"晴","西南风","1级","happy","1f604",12,"Dec",5,"Fri",49,2,9
2016-12-10,5,-4,"晴","西南风","1级","happy","1f604",12,"Dec",6,"Sat",49,2,10
2016-12-11,4,-1,"霾","东北风","1级","depressed","1f633",12,"Dec",0,"Sun",49,2,11
2016-12-12,6,-2,"霾","北风","1级","depressed","1f633",12,"Dec",1,"Mon",50,3,12
2016-12-13,4,-7,"多云","东北风","1级","depressed","1f633",12,"Dec",2,"Tue",50,3,13
2016-12-14,3,-6,"晴","西南风","2级","happy","1f604",12,"Dec",3,"Wed",50,3,14
2016-12-15,6,-6,"晴","西北风","1级","happy","1f604",12,"Dec",4,"Thu",50,3,15
2016-12-16,6,-6,"晴","东风","1级","happy","1f604",12,"Dec",5,"Fri",50,3,16
2016-12-17,6,-4,"霾","东北风","1级","depressed","1f633",12,"Dec",6,"Sat",50,3,17
2016-12-18,7,-4,"霾","南风","1级","depressed","1f633",12,"Dec",0,"Sun",50,3,18
2016-12-19,8,-4,"霾","西南风","1级","depressed","1f633",12,"Dec",1,"Mon",51,4,19
2016-12-20,5,-2,"霾","西南风","2级","depressed","1f633",12,"Dec",2,"Tue",51,4,20
2016-12-21,3,-3,"霾","西南风","2级","depressed","1f633",12,"Dec",3,"Wed",51,4,21
2016-12-22,6,-5,"晴","北风","2级","happy","1f604",12,"Dec",4,"Thu",51,4,22
2016-12-23,0,-6,"晴","南风","小于3级","happy","1f604",12,"Dec",5,"Fri",51,4,23
2016-12-24,4,-5,"多云","东风","1级","depressed","1f633",12,"Dec",6,"Sat",51,4,24
2016-12-25,4,-5,"多云","东风","1级","depressed","1f633",12,"Dec",0,"Sun",51,4,25
2016-12-26,4,-7,"阴","东北风","1级","depressed","1f633",12,"Dec",1,"Mon",52,5,26
2016-12-27,3,-7,"晴","西南风","3级","happy","1f604",12,"Dec",2,"Tue",52,5,27
2016-12-28,4,-7,"晴","西北风","3级","happy","1f604",12,"Dec",3,"Wed",52,5,28
2016-12-29,4,-7,"晴","西南风","2级","happy","1f604",12,"Dec",4,"Thu",52,5,29
2016-12-30,2,-6,"霾","南风","1级","depressed","1f633",12,"Dec",5,"Fri",52,5,30
2016-12-31,3,-6,"霾","西南风","2级","depressed","1f633",12,"Dec",6,"Sat",52,5,31
