live.seats.taken,live.fee.original_price,live.fee.amount,live.review.count,live.review.score,live.speaker.member.name,live.speaker.member.headline,live.speaker.member.gender,live.speaker.description,live.subject,live.speaker_message_count,live.tags.name,live.tags.great_num,live.tags.score,live.tags.available_num,live.tags.live_num,live.liked_num
7074,999,999,462,4.52,董伟明,已离开知乎 祝好,1,"我是董伟明，豆瓣高级产品开发工程师。从 2011 年开始接触 Python, 从运维、运维开发到现在的 Web 开发，积累了丰富的运维和开发经验。热爱开源，为多个知名开源项目贡献过代码，也给 Python 标准库提交过 Patch 。我是《 Python Web 开发实战》作者，本书上市的 2 个多月时间里面已经售出 7k 余本，第四印正在筹备中，本书也将输出到台湾地区。",Python 工程师的入门和进阶,210,互联网,659,0,676,694,3622
4976,2990,2990,258,4.82,钱粮胡同,欧洲某行信贷组合战略,1,我是钱粮胡同，知乎电子书「行业分析怎么做？― 外资投行基本面分析方法」的作者。我大学读的电子工程，转行后在德国拿的经济学博士，大部分青春献给了德意志银行，过去也在安联全球投资，德国复兴信贷银行，中国社会科学院等机构卖过命。之前我写过两个热门回答：「初入金融行业如何做实用行业研究与分析」以及「怎么在 Excel 上做数据地图」，一直想有机会能够把这些知识点展开详谈。这次正好借着知乎「升级你的效率工具包」专题，我想结合我这些年实际工作的经历和案例，与大家一起聊聊这个让人又爱又恨的 Excel 。,在外资投行巧用 Excel 做分析,279,教育,1189,0,1215,1234,2273
124,1900,1900,15,4.53,傅渥成,统计物理 / 复杂系统 / 生物物理,1,我是傅渥成，物理学博士毕业，最近刚刚正式获得博士学位。「知乎盐 Club 2014 」荣誉会员。主要研究方向为统计物理及其在生命科学问题中的应用，关注复杂系统等领域的最新进展，相关论文曾发表在 Physical Review Letter 等杂志，曾作为中国博士生代表参加在德国林岛举办的「诺贝尔奖获得者大会」。,观念扩散和传播的统计模型,90,互联网,659,0,676,694,154
1018,6900,6900,119,4.54,金旭亮,喜欢写代码的老师,1,"二十四年前，我从广西大学电气工程系毕业，开始了漫长的自学与软件开发之路，后到北京理工大学计算机学院读研并留校任教。
这些年来，我参与了大大小小的 N 个软件项目，使用过 N 种编程语言和技术，手写了代码数十万行，编写了 6 本软件书籍和教材，写了数百篇技术博客，开设了颇受欢迎的 MOOC 课程，并独自捣腾了一个计算机技术在线自助学习网站。",如何自学编程？,216,科学技术,400,0,404,414,4719
104,3900,3900,7,4.71,Han Hsiao,数据分析/数据挖掘/机器学习/人工智能/日格一物,1,我是 Han Hsiao，本科在 BJTU 学计算机工程，AUN Master 毕业选择了 Big Data 这条不归路。在澳洲写过 Python 分布式爬虫、搭过 Hadoop 平台；在 IBM CDL「中国开发中心」做过 DB2 开发和大数据研究；在中国电信北研院做过大数据精准广告和客户存留；目前在国电全球能源互联网研究院，探索人工智能的未来。同时也是数据挖掘与数据分析的优秀回答者。,数据达人养成计划「实战篇」,159,互联网,659,0,676,694,483
1215,6900,6900,46,4.63,马力,UI和交互设计师课程表 https://zhuanlan.zhihu.com/p/29264632,1,我是马力，超过 10 年经验的产品经理和设计师，最美应用创始人，创新工场早期成员，豌豆荚创始成员、产品经理， IBM 用户体验设计师。在互联网产品的各个环节上都有实践经验，产品、界面、运营、推广和商业转化。在知乎里，是用户体验和产品相关的四个领域的优秀回答者，出版《产品设计师技能书》，撰写系列专栏《产品设计与用户体验如何思考》。,<f0><U+009F><U+0092><U+00A1> 快速了解设计师知识体系,148,互联网,659,0,676,694,819
1509,990,990,108,4.9,钱粮胡同,欧洲某行信贷组合战略,1,我是钱粮胡同，知乎电子书「行业分析怎么做？― 外资投行基本面分析方法」的作者，也是知乎金融与银行话题下的优秀回答者。我大学读的电子工程，之后在德国拿的经济学博士，期间写过几本经济金融类书籍，也在国际权威经济学期刊上发表过几篇论文。我的大部分职业生涯都在德意志银行度过，之前也在安联全球投资，德国复兴信贷银行以及中国社会科学院等机构卖过命。,入行金融业要读什么书？,250,阅读与写作,314,0,316,321,1600
2305,1900,1900,132,4.87,董伟明,已离开知乎 祝好,1,我是董伟明，豆瓣高级产品开发工程师，《 Python Web 开发实战》作者，本书上市的 5 个月时间里面已经售出 10k 余本，本书已经在台湾地区上市。我在 2012 和 2014 年分别通过 2 个爬虫免试获得 2 个业界知名公司 offer，在之前的公司参与和维护着使用 Celery、Twisted 等技术完成每天上亿次抓取量的抓取服务，在过去的工作中完成过上百个抓取任务。,爬虫从入门到进阶,289,互联网,659,0,676,694,2621
511,2900,2900,52,4.79,董伟明,已离开知乎 祝好,1,我是董伟明，豆瓣高级产品开发工程师，参与多个豆瓣产品线的前后端开发，可能是少有的后端开发中非常关注前端开发的开发者。我是《 Python Web 开发实战》作者，本书上市的 5 个月时间里面已经售出 10k 余本，通过本书我还获得了电子工业出版社颁发的「优秀作者」证书，第五印正在筹备中，本书已经在台湾地区上市。,Web 开发那些事儿,211,互联网,659,0,676,694,575
1032,1900,1900,62,4.68,YJango,深度学习/人工智能；从语音、画面、文本、视频寻找人类行为规律,1,我是 YJango ，不小心来了日本。世界观莫名其妙的变了，想要学习人工智能。但四年前的我，不会丁点英语，数学连向量是啥都不知。学习过程只能用痛苦来形容。开始学习时，读英语舌头都打结，读数学书时经常一周翻不过 10 页，都怀疑自己的能力。不过努力还是有回报，曾经痛苦挣扎的也渐渐学会了，也形成了自己的方法论和价值观。也可能是因为我的学习并非出于应试目的，而是让自己觉得真正学会为止，我对问题的理解会更偏向实用。人工智能是人类能力的另一次扩展，任何人都应该可应用该技术，而非大公司的专利。这是我对未来的坚信。也正是出于该坚信，我想分享我个人全部关于从零入门人工智能的心得和误区。毕竟和学霸们不同的是，我真是从零入门的，那些对学霸不是问题的知识对我都是问题。希望自己的心得会对学生或其他领域想要步入该区域的朋友有所帮助。,深层学习入门误区,256,科学技术,400,0,404,414,1079
1491,999,999,52,4.13,猴子,微信公众号：猴子聊人物,1,我是猴子，一个从二本院校，通过蜕变，成功保送到中国科学院的研究生，毕业后在 IBM 工作过两年。利用业余碎片化时间，每天坚持 1 小时，从零开始成功转行数据分析。现从事大数据分析，和自媒体创业。,从零学会数据分析：数据结构入门,164,互联网,659,0,676,694,1433
1659,5900,5900,51,4.49,北冥乘海生,大数据仁波切 公众号“计算广告”(Comp_Ad),1,我是北冥乘海生，在微软研究院做了四年人工智能研究后，我义无反顾地投入了数据科学家的队伍，并在  Yahoo! Labs 、 MediaV 、奇虎 360 等从事互联网大数据与商业变现的工作，期间用数据驱动的公司收入增长数以十亿计。去年，我出版了数据变现领域的业界首部专著――《计算广告》（本书现已在「知乎书店」上架，欢迎大家购买），影响了业内数万的专业读者，并成为许多互联网公司数据与商业化部门人手一册的教程。,<f0><U+009F><U+0092><U+00A1> 如何用数据来挣钱？,133,互联网,659,0,676,694,1185
1256,4900,4900,58,4.71,田吉顺,来问丁香医生,1,我是田吉顺，之前在公立三甲医院工作了 10 年，今年走出体制，想要做一些互联网医疗相关的尝试，现在丁香诊所做妇产科医学总监。,认识阴道,94,医学与健康,254,0,254,262,2952
790,3900,3900,54,4.7,王礼Leon,大数据科学家/职业生涯规划导师,1,随手记大数据总监，前阿里和腾讯大数据专家。本科华南理工大学应用数学，硕士中欧国际工商学院 EMBA 。 10 年+的著名企业大数据经验，精通大数据平台建设、大数据分析挖掘及产品应用、数据化运营体系构建、大数据战略及价值变现。在行 APP 、专头 APP 大数据行家，任多家企业大数据战略顾问，曾给 N 多人进行过《数据分析师职业生涯规划》咨询服务,数据分析师：从零入门到精通,140,职业,1070,0,1109,1128,1710
98,5900,5900,9,4.78,王礼Leon,大数据科学家/职业生涯规划导师,1,随手记大数据总监，前阿里和腾讯大数据专家。本科华南理工大学应用数学，硕士中欧国际工商学院 EMBA 。 10 年+的著名企业大数据经验，精通大数据平台建设、大数据分析挖掘及产品应用、数据化运营体系构建、大数据战略及价值变现。在行 APP 、专头 APP 大数据行家，任多家企业大数据战略顾问，曾给几十家企业进行过《企业的大数据战略及价值变现》咨询服务,企业大数据战略及价值变现,102,互联网,659,0,676,694,57
263,1900,1900,32,4.47,涛吴,a real nowhere man,1,我叫吴涛，一个从业八年的普通程序员，多少积累了点经验。,普通程序员的职业发展,58,科学技术,400,0,404,414,580
3837,2999,2999,334,4.86,尤雨溪,不会搞艺术的程序员不是好设计师,1,尤雨溪，独立开发者，开源前端框架 Vue.js 作者。学过点艺术，偶尔做设计，主要写代码。曾经在 Meteor 和 Google 打过工。,不吹不黑聊聊前端框架,100,互联网,659,0,676,694,1796
29221,999,999,1588,4.56,张佳玮,公众号：张佳玮写字的地方,1,我是张佳玮。自由撰稿人。,关于阅读的一些微小经验,64,阅读与写作,314,0,316,321,5289
4802,3900,3900,121,4.45,王诺诺,微信平台：misswangnuonuo,0,我是王诺诺，本科毕业于加拿大英属哥伦比亚大学，研究生毕业于剑桥大学，并获得研究生论文专业第一名。现任某 TOP 互联网公司行业分析师，长期写行业研究和分析报告。长久以来，我一直有写作的习惯，尤其爱写科幻类的作品，我的作品曾以专题的形式，登上过《科幻世界》。我也一直坚持在写作上自学经典教程，并在新媒体中实践。通过这门课，我将把这我 5 年来的写作经验心得，压缩成 6 次 Live ，分享给大家，帮大家避开成为写作斜杠青年之路上的那些坑。,干货类文章的 3 个写作框架,60,阅读与写作,314,0,316,321,606
2435,4999,4999,75,4.49,视光师金鑫,好高级的验光狮，嗷！国家验光技师，近视斜弱视防控研究所所长,1,我是金鑫，验光技师、寿阳近视斜弱视防控研究所所长；从事青少年近视防控、弱视视力功能恢复以及成年人舒适配镜等相关工作。年初曾与章伟忠老师一起参加「职人介绍所」的眼镜专题录制。,关于配眼镜：你需要知道的更多,351,生活方式,622,0,623,645,1583
116,2999,2999,12,4.92,王礼Leon,大数据科学家/职业生涯规划导师,1,随手记副总裁，大数据总监，前阿里和腾讯大数据专家。华工数学，中欧 EMBA 。 10 年+的著名企业大数据经验，转战于互联网技术、产品、运营、风控、金融等领域。是在行 APP 、专头 APP 大数据行家，任多家企业大数据战略顾问，招聘面试过无数的小伙伴，曾给数百人进行过《大数据人职业生涯规划》咨询服务，深堪大数据人的职业发展之路。,大数据人的数据科学家之路,114,职业,1070,0,1109,1128,156
97,2999,2999,0,0,王礼Leon,大数据科学家/职业生涯规划导师,1,随手记副总裁，前大数据总监，前阿里和腾讯大数据专家。华工数学、中欧 EMBA ，知乎 Live 讲师，在行 APP 、分答 APP 、专头 APP 大数据行家。 10 年+的著名企业互联网大数据经验。任多家企业大数据战略顾问，日常招聘面试过无数大数据人，曾给数百人进行过《大数据人职业生涯规划》咨询服务，深堪大数据人的职业发展之路。,如何进入 BAT 从事大数据,0,互联网,659,0,676,694,81
255,2999,2999,34,4.76,王礼Leon,大数据科学家/职业生涯规划导师,1,随手记大数据总监，前阿里和腾讯大数据专家。本科华南理工大学数学与应用数学，硕士中欧国际工商学院 EMBA 。 10 年+的著名企业大数据经验，精通大数据研发、大数据分析挖掘、数据产品应用、数据化运营。同时，也是在行 APP 、专头 APP 大数据专家顾问， N 家企业的大数据战略顾问，曾给无数人进行过《大数据人的职业生涯规划》。,大数据人的职业生涯规划,62,职业,1070,0,1109,1128,568
1728,1688,1688,62,4.05,Timothy Wang,一念之间，万水千山。,1,我是 Timothy Wang ，职业摄影师， Getty Images ， Corbis 签约艺术家， Plume Creative 工作室创始人。,旅行中，如何拍出好照片？,191,艺术,392,0,402,406,1350
682,2900,2900,68,4.49,何嘉文,"Now You See Me, Now You Don't",1,"我是何嘉文，财务管理专业，曾获得皇家管理会计师公会 GBC 案例分析大赛全国第三名。毕业后成为一家 500 强财务部的管理培训生，期间获得 Best Analysis Award, 兼具供应链和商业端的财务分析经验。目前跳槽至一家奢侈品公司做战略分析，并已获得美国 Magic 7 之一的顶级 MBA offer 。这是我财务分析主题的第三场 Live ，前两场「如何成为一名财务分析师」和「财务新人如何提升商业意识」都收获了五星好评。我在问题「 Excel 有什么奇淫巧技」和「怎么搭建一个财务模型」中的回答也收获了数千次赞同和收藏。",财务分析之巧用 Excel 建模,101,金融与经济,573,0,590,610,1239
267,999,999,15,4.13,赵乾坤,"data geek, 创业者，博士",1,我是赵乾坤，我有 10+ 年数据行业的从业经历，是数据价值挖掘的践行者，从搜索引擎模型的优化，到互联网广告投放策略，用户行为和 CTR 预测，到传统企业的互联网化，电商化，移动化，数据化运营，企业内部数据体系以及业务驱动的数据分析系统的规划和搭建，我经历了成熟公司的数据应用体系，也从零开始在创业过程中实践中体会到了数据的价值。 我本科毕业于华中科技大学，博士毕业于新加坡南洋理工大学，曾在美国宾州州立大学从事博士后研究，这一切都是和数据打交道。 我曾就职于好耶广告，西班牙电信， Teradata ，美国在线等企业，也参与了 37degree 和诸葛 IO 的创业，曾为多家百强公司提供数据相关的解决方案和服务。,自助式数据分析,59,互联网,659,0,676,694,266
1581,5900,5900,80,4.56,北冥乘海生,大数据仁波切 公众号“计算广告”(Comp_Ad),1,我是北冥乘海生，在微软研究院做了四年人工智能研究后，我义无反顾地投入了数据科学家的队伍，并在 Yahoo! Labs 、 MediaV 、奇虎 360 等从事互联网大数据与商业变现的工作，期间用数据驱动的公司收入增长数以十亿计。去年，我出版了数据变现领域的业界首部专著――《计算广告》（本书现已在「知乎书店」上架，欢迎大家购买），影响了业内数万的专业读者，并成为许多互联网公司数据与商业化部门人手一册的教程。,<f0><U+009F><U+0092><U+00A1> 大数据是否能改造你的行业？,156,互联网,659,0,676,694,458
830,999,999,60,4.27,王晋东不在家,读博计算机小学酥，机器学习迁移学习,1,我是王晋东不在家，中国科学院计算技术研究所博士生，已通过知乎个人认证。目前主要研究机器学习和迁移学习、深度学习等方面。继第一次 Live 讲了机器学习入门之后，我的第二次 Live ，想结合做项目的一些经验教训用最自然的语言和实际案例，跟大家分享机器学习中的重要部分：特征工程。如何从原始数据开始，构建合适特征，从而加速机器学习目标的达成？,机器学习入门之特征工程,149,互联网,659,0,676,694,459
11793,999,999,591,4.05,foruok,订阅号“程序视界”，图书作者，职业规划师，程序员,1,安晓辉，自由职业者 / 作家 / 职业规划师 / 知乎 Live 讲者 / 开发者 / 讲师 / 自媒体人 / 值乎答主 / 分答答主 / 在行行家，著有《 Qt Quick 核心编程》《你好哇，程序员》等图书。,业余时间赚钱的6种策略,110,互联网,659,0,676,694,20900
130,1999,1999,23,5,木易,《私募股权LP》作者 / LP智库创始人 ,1,"木易。
清华经管金融硕士 、巴黎高商交换学者。现就职于一家知名PE机构，负责百亿规模的母基金投资管理，并担任LP智库（香港）创始合伙人，著有畅销书《私募股权LP》。在此之前，拥有BCG和贝恩的工作经历，有丰富的管理咨询求职和面试经验。此外，是清华咨询俱乐部、北大咨询协会的核心成员，并担任纽约Boson教育的管理咨询求职讲师。",管理咨询求职面试攻略：下篇,85,职业,1070,0,1109,1128,175
1728,5900,5900,42,4.38,北冥乘海生,大数据仁波切 公众号“计算广告”(Comp_Ad),1,我是北冥乘海生，在微软研究院做了四年人工智能研究后，我义无反顾地投入了数据科学家的队伍，并在  Yahoo! Labs 、 MediaV 、奇虎 360 等从事互联网大数据与商业变现的工作，期间用数据驱动的公司收入增长数以十亿计。去年，我出版了数据变现领域的业界首部专著――《计算广告》（本书现已在「知乎书店」上架，欢迎大家购买），影响了业内数万的专业读者，并成为许多互联网公司数据与商业化部门人手一册的教程。,<f0><U+009F><U+0092><U+00A1> 如何规划数据职业生涯？,171,互联网,659,0,676,694,839
1536,5900,5900,29,4.62,北冥乘海生,大数据仁波切 公众号“计算广告”(Comp_Ad),1,我是北冥乘海生，在微软研究院做了四年人工智能研究后，我义无反顾地投入了数据科学家的队伍，并在 Yahoo! Labs 、 MediaV 、奇虎 360 等从事互联网大数据与商业变现的工作，期间用数据驱动的公司收入增长数以十亿计。去年，我出版了数据变现领域的业界首部专著――《计算广告》（本书现已在「知乎书店」上架，欢迎大家购买），影响了业内数万的专业读者，并成为许多互联网公司数据与商业化部门人手一册的教程。,<f0><U+009F><U+0092><U+00A1> 有价值的数据应该如何交易？,120,互联网,659,0,676,694,360
274,1999,1999,36,4.86,木易,《私募股权LP》作者 / LP智库创始人 ,1,"木易。清华经管金融硕士 、巴黎高商交换学者。现就职于一家知名PE机构，负责百亿规模的母基金投资管理，并担任LP智库（香港）创始合伙人，著有畅销书《私募股权LP》。在此之前，拥有BCG和贝恩的工作经历，有丰富的管理咨询求职和面试经验。此外，是清华咨询俱乐部、北大咨询协会的核心成员，并担任纽约Boson教育的管理咨询求职讲师。

",管理咨询求职面试攻略：上篇,99,职业,1070,0,1109,1128,349
1859,999,999,512,4.31,陈兰香,上不知天文，下不知地理，中间知道点生理。,0,我是陈兰香，陕西标准化高中生物老师，全国生物竞赛陕西赛区优秀辅导教师，已有八年工作经验，三年高三复习经验，今年是第三次带高三，目前已完成高三第一轮复习，进去二轮复习阶段，在工作中积累了丰富的高三复习经验，在教学过程中自创了「紧抓重点，高效听讲，四遍做题」的高三二轮复习方法，课堂容量小，效率高，帮助学生建立了完整的知识体系，掌握了高效的做题方法，教学业绩每次考核都名列前茅，连续两年被评为市级学科优秀教师，辅导参加全国生物联赛的学生取得了优异成绩，我自己也因此获得了全国生物联赛优秀辅导教师。,新课标高考生物稳步提分策略,140,教育,1189,0,1215,1234,1252
52,1900,1900,8,4.75,seasonstar,大自然爱好者,1,我是 seasonstar，现在美国德州大学西南医学中心从事计算生物学方面的工作。在美国工作的近 5 年期间，积累了大量在大规模数据处理、统计分析，数据挖掘方面的经验。加上之前在博士阶段的训练，我已有超过 10 年的数据统计分析经验。 ,实用统计分析与 R 入门（四）,124,互联网,659,0,676,694,152
1757,5900,5900,44,4.57,北冥乘海生,大数据仁波切 公众号“计算广告”(Comp_Ad),1,我是北冥乘海生，在微软研究院做了四年人工智能研究后，我义无反顾地投入了数据科学家的队伍，并在  Yahoo! Labs 、 MediaV 、奇虎 360 等从事互联网大数据与商业变现的工作，期间用数据驱动的公司收入增长数以十亿计。去年，我出版了数据变现领域的业界首部专著――《计算广告》（本书现已在「知乎书店」上架，欢迎大家购买），影响了业内数万的专业读者，并成为许多互联网公司数据与商业化部门人手一册的教程。,<f0><U+009F><U+0092><U+00A1> 怎样用数据洞察你的用户？,109,互联网,659,0,676,694,802
7061,1900,1900,943,4.84,金旭亮,喜欢写代码的老师,1,我是金旭亮，二十四年前，我从广西大学电气工程系毕业，误打误撞地，不可救药地爱上了编程，从此开始了漫长的自学之路，后考上北京理工大学计算机研究生，毕业留校任教至今。另外我写了 6 本软件书籍和教材。,如何自学计算机专业课程？,149,科学技术,400,0,404,414,5981
6262,1999,1999,407,4.84,蔡千年,我有故事，你有酒吗？,1,我是千年， 南开大学财务管理本科、金融学硕士， CMA 和 CPA ，目前负责上市公司财务工作，管理着公司在全球 16 个国家、近 30 家公司的 300 多名财务人员。 2016 年公司全球销售额预计将突破 220 亿人民币。,财务职业的前途,95,金融与经济,573,0,590,610,1072
4533,1900,1900,232,4.73,芋头,非典型性眼科博士,0,我是芋头，一名三甲医院眼科医生。在国内眼科顶级院校完成眼科硕博士学位，中途游学美国，讨厌古板，乐意尝试，工作太忙，手头太懒，所以以说代写，不愿意学究说教，不愿意模棱两可。,关于隐形眼镜你想知道的所有问题,170,医学与健康,254,0,254,262,5809
261,999,999,12,4.92,半佛仙人,我看诸君皆装逼，料诸君看我应如是,1,"我是半佛仙人，我的职业经历担保公司，中资银行，外资银行，互联网金融。
目前是国内某互金公司风控/数据产品经理，主攻风控与反欺诈，从贷款授信， ipc 尽调到大数据风控皆有涉猎。在征信（过目 10W 份 +）、信用卡、消费贷款、网贷风控，反欺诈及催收领域有着丰富的实战经验，天天与一线黑产相爱相杀。",天网年代的征信入门课,93,金融与经济,573,0,590,610,187
8934,999,999,319,4.78,半佛仙人,我看诸君皆装逼，料诸君看我应如是,1,我是半佛仙人，曾供职于担保公司、中资银行、外资银行、互联网金融公司。从 payday laon 到金融资产，从 ipc 到大数据风控均有涉猎。我本人持 8 张白金卡，同时在征信（过目 10W 份 +）、信用卡风控及催收领域有着丰富的实战经验，天天与一线黑产相爱相杀。,信用卡游戏的潜规则及用卡攻略,228,金融与经济,573,0,590,610,4856
2232,999,999,143,4.47,老张,,1,老张学长，本科毕业于华中地区某二本，现已被录取为复旦大学硕士研究生（法律硕士非法学），并通过国家司法考试。本科成绩非常一般，曾挂科三门，差点拿不到学位证。 2017 年考研 399 分+司考 398 分。一战匆匆准备 3 个月，以英语单科不过线惨淡收场。二战 6 个月司考加法硕考研，成功上岸。,二本差生到高分录取复旦硕士,165,教育,1189,0,1215,1234,7650
1599,5900,5900,30,4.63,北冥乘海生,大数据仁波切 公众号“计算广告”(Comp_Ad),1,我是北冥乘海生，在微软研究院做了四年人工智能研究后，我义无反顾地投入了数据科学家的队伍，并在  Yahoo! Labs 、 MediaV 、奇虎 360 等从事互联网大数据与商业变现的工作，期间用数据驱动的公司收入增长数以十亿计。去年，我出版了数据变现领域的业界首部专著――《计算广告》（本书现已在「知乎书店」上架，欢迎大家购买），影响了业内数万的专业读者，并成为许多互联网公司数据与商业化部门人手一册的教程。,<f0><U+009F><U+0092><U+00A1> 如何用数据武装运营工作？,118,互联网,659,0,676,694,517
3020,990,990,396,4.19,林依晨,演T,0,林依晨，中国台湾女演员、歌手。转型代表作：即将上映的电影《神秘家族》。电视剧《恶作剧之吻》、《我可能不会爱你》、《兰陵王》、《射雕英雄传》等。毕业于英国伦敦大学中央演讲与戏剧学院硕士学位；两次获得金钟奖戏剧节目女主角奖。,林依晨：偶像剧女王的转型之路,36,音乐、影视和游戏,420,0,431,443,3977
564,999,999,31,4.87,半佛仙人,我看诸君皆装逼，料诸君看我应如是,1,"我是半佛仙人，我的职业经历担保公司，中资银行，外资银行，互联网金融；目前是国内某互金公司金融产品经理（风控与数据方向），主攻风控与反欺诈。
我是属于标准的传统金融都做了一遍之后转互联网金融的那批人，做过技术专家也做过管理，一路跳槽从无失手。
另长期在知乎做内推，迄今为止推了上千份简历，有丰富的面人及被面的实战经验。
",从工作说起，那些让你利益最大化的决策,127,互联网,659,0,676,694,509
1056,999,999,129,4.67,半佛仙人,我看诸君皆装逼，料诸君看我应如是,1,我是半佛仙人，我曾就职于担保公司，中资银行，外资银行，主攻尽调与风控，从个人零售到中小企业，从线下到线上，从传统金融到互联网金融，一路漂移，目前是国内某互金公司前端审批主管。工作之余，我酷爱从各种旁门左道赚外快，从相对正经的炒股，炒房，资金过桥，贴息存款，票据贴现到不那么正经的管理 YY 兼职，淘宝刷单， P2P 薅羊毛，贷款中介，借贷宝赚利差等，都有过我圆润的身影。如果你在知乎搜索学生贷款，校园贷款，裸条等相关问题，一定能看到我的部分回答，我是真的懂还是装的懂，一看便知。我曾在业余帮助 6 家学生贷款机构设计过风控流程和贷后流程，实战经验丰富。我曾 5 次作为「某业内知情人士」接受媒体匿名采访，透露该链条的信息。我个人出于个人道德好恶以及风险度考量没有亲手碰裸条和学生贷，但我身边不乏以此为生的人。,从裸条讲起：扭曲的学生贷款,253,金融与经济,573,0,590,610,519
502,999,999,22,4.41,MEMO,建筑师，狂热醉心于手绘/DIY等领域,1,我是MEMO君，建筑师，现供职于某大型国有建筑设计研究院，毕业于西安建筑科技大学，建筑学硕士研究生。本科就读于西安美术学院，熟练掌握国、油、版、雕、水彩、素描等主要画种，尤其擅长钢笔马克笔表现，曾任ING手绘等多家国内大型手绘机构主讲师。,零基础如何从头学手绘？,206,艺术,392,0,402,406,2333
2160,999,999,205,4.4,琬如温玉,认真回答，对关注者timeline负责。,1,我是琬逸， 2008 年华盛顿州立大学硕士毕业后回国工作 8 年，分别担任过外企研发工程师， 500 强外企管理培训生，项目经理，民企产品经理，产品线经理等职位，现在在初创公司担任首席运营官一职。,不是鸡汤：为什么不要过于努力工作,111,职业,1070,0,1109,1128,1672
594,6900,6900,70,4.96,邓柯,我们都是虫子,1,"我是邓柯。我先后毕业于北京师范大学中文系和中央音乐学院电子音乐中心，现在是一名录音师，同时也是一名乐评人。
过去的十年间我参与过很多音乐教学活动。我曾担任过中央音乐学院外籍教授的专业课助教、北京现代音乐学院的专业课教师，以及人大附中及北京理工大学附中的校级音乐选修课教师。 2015 起我受聘于中国传媒大学录音与音乐艺术学院，担任客座业界导师。我还曾辅导过许多学生的音乐基础与专业课程，帮助他们通过了各大音乐院校的专业考试。
此外，我还为很多非音乐专业的朋友提供过帮助。一些人成功地进入了音乐行业，甚至成为了职业歌手和音乐人。还有很多人虽然没有从事专业音乐工作，但系统、科学的训练方法给了他们更强的音乐把握能力，而更强的理解与感知能力会帮助他们从音乐中得到更多的享受。",音乐入门课：音乐的基础材料,139,音乐、影视和游戏,420,0,431,443,261
4334,3900,3900,225,4.6,芋头,非典型性眼科博士,0,我是芋头，一名三甲医院眼科医生。在国内眼科顶级院校完成眼科硕士及博士学位，中途游学美国，讨厌古板，乐意尝试，工作太忙，手头太懒，所以以说代写，不愿意学究说教，不愿意模棱两可。,致所有近视想摘掉眼镜的你们,201,医学与健康,254,0,254,262,26647
100,1900,1900,6,4.83,seasonstar,大自然爱好者,1,我是 seasonstar，现在美国德州大学西南医学中心从事计算生物学方面的工作。在美国工作的近 5 年期间，积累了大量在大规模数据处理、统计分析，数据挖掘方面的经验。加上之前在博士阶段的训练，我已有超过 10 年的数据统计分析经验。,实用统计分析与 R 入门（二）,140,互联网,659,0,676,694,303
424,1900,1900,13,4.69,Steven Li,金融风险管理从业者,1,"我是 Steven Li, 长期在美国华尔街大银行从事市场风险建模工作，熟悉各种量化风控建模和产品，具有资深风险从业经验。拥有 CFA 和 FRM 证书，同时也是知乎的金融优秀话题回答者。",市场风险：数据、模型与交易,38,金融与经济,573,0,590,610,512
136,4999,4999,25,5,教父,量化交易从业人员,1,"知乎id:教父。曾经全国奥赛获奖，保送国内top2本科。出国取得物理学博士学位，毕业后进入海外知名对冲基金，一直从事量化交易员和研究员职位。掌握丰富的全平台经验，擅长期货和外汇的短线和日内策略。
 ",手把手入门量化交易3,117,金融与经济,573,0,590,610,209
237,999,999,15,4.47,夜尽天明,法律/考研/司考/CPA,1,我本科是山东的一所大学，现就读于中国人民大学法学院法律硕士专业。2015年9月下旬开始准备考研，法律是零基础，三个月应届考入了人大法学院。2016年一次性通过司法考试。我要讲的主要是如何在短时间内高效率的复习专业课以及如何选择考研学校。提供考研复习的具体建议。也会简要分享一下法学院复试的一点内容和建议，供大家参考。,我是如何三个月一战考入人大,93,教育,1189,0,1215,1234,432
2792,1999,1999,108,4.14,陈晓卿,纪录片导演，《舌尖上的中国》总导演,1,我是陈晓卿，一个纪录片工作者，也是美食爱好者。我拍摄制作过十多部纪录片，写过 20 万字的美食专栏，大家最熟悉的可能是两季《舌尖上的中国》。,「舌尖」总导演聊中国美食,28,美食,80,0,83,86,1024
1483,999,999,59,4.02,付振,银行皮条客,1,"专科毕业于武昌理工学院，计算机网络专业。毕业后，先后供职于两家商业银行，2016年6月开始边工作边复习。初试362分，在所在专业排名23(招27人)进入复试，复试排名第一，综合排名第八。被武汉七所\211\""之一的中国地质大学，以一等奖学金录取为2017届全日制学术性法学硕士。""",专科生也能考研进211名校,171,教育,1189,0,1215,1234,3368
4485,999,999,363,4.39,潘h,凤凰卫视记者/前新东方托福雅思听口教师,0,我是潘h，凤凰卫视记者，前新东方托福雅思听力口语教师，为研究新媒体刚注册账号一个月的知乎小白，首场 Live「85 后记者香港从业体验思考」五星评分主讲，话题「高度自律是种怎样的体验」高赞答主。,高度自律：为了高度自由,252,生活方式,622,0,623,645,6257
1379,999,999,134,4.51,乌龟,CPA/审计十年/实用主义DIYer/马拉松,0,我是乌龟，中国注册会计师，在会计师事务所从事财务审计工作 11 年，为中国石油、中粮集团、华润集团、中国中化、中国中冶等数十家央企集团、上市公司、新三板企业、大型民企提供过多种形式的审计及财务咨询服务。目前为天职国际高级审计经理、天职学院首席讲师。,CPA 考试：别让报名坑了你,102,金融与经济,573,0,590,610,1815
1247,999,999,73,4.59,雨宫夏一,XMU（厦门大学）硕士在读，移动视觉搜索,1,明年即将就读博士，本科毕业于于天津工业大学软件工程专业，大一大二学习专业技能（计算机），大三在外面边工作边读书，大四开学认真思量决定考研，花了大概一百天的时间，考到了厦门大学研究生（计算机技术方向），分数 370+，复试之前成绩第七名，复试之后第四，当时录取分数线 320 。 ,一百天，从二本到厦大 985,73,教育,1189,0,1215,1234,4588
3359,999,999,181,4.4,付常银,清华传媒经济硕士,0,清华大学传媒经济方向硕士，和君商学院七届。曾供职于国务院发展研究中心旗下媒体、新华社旗下杂志、经济观察报。现供职于清华系产业集团。熟悉并擅长内容撰写、品牌传播策划、传媒产业运作。关注财经与时尚领域，在微社交、拓展人脉方向略有心得。,我如何从二本考上清华,116,教育,1189,0,1215,1234,8734
5264,999,999,307,4.6,余天宇Sky,公众号/微博：余天宇Sky,0,我是余天宇，本科就读于湖北师范大学，现在是哈尔滨工业大学翻译硕士在读研究生。2015年8月底开始准备考研，仅备考了四个月就从普通二本考到了985院校。高中理科，9月底开始复习考研政治，每天复习不到1小时，最后考了73分。我将带来的是如何用最少时间达到最大效果的考研经验分享。,四个月，二本这样逆袭985,425,教育,1189,0,1215,1234,12821
4418,999,999,519,4.91,大郎神,个人VX：Fan86655，欢迎礼貌咨询！,1,本人天津大学  学硕在读，本科双非普本，经管类专业，2015年底参加研究生考试，一战三跨985教育类专业，全程备考4个多月，以高分成功录取。初试成绩优异，其中英语一84分，政治76分，公共课全院第一。课外长期担任某考研机构英语政治兼职直播讲师，并在知乎刊发多篇高赞良心考研经验帖，文笔诙谐且诚意满满，收藏量达三万以上。,四个月冲刺考研英语80分,229,教育,1189,0,1215,1234,1959
1653,2990,2990,171,4.15,酷炫脑,公众号“酷炫脑” ，耶鲁大学精神病学博士后,0,我是琳子，现在在耶鲁大学精神医学做博士后。参与美国人类脑图谱连接组学项目（Human Connectome Project)，用核磁共振脑成像手段分析多种精神疾病的大脑机构和功能机制。我从事脑科学研究多年，在国际知名期刊发表多篇研究文章，研究方向涉及用脑成像手段观测幻觉、精神分裂症、双相情感障碍、帕金森病等精神、神经、衰老相关疾病。也从事科普多年，曾为科学画报、南都周刊等多家纸媒撰稿。,如何克服社交恐惧,67,心理学,218,0,230,239,3097
14003,999,999,1074,4.53,胖子邓,想象晴空，有云雀相送。,1,我是胖子邓，北京大学 12 级本科生，你的同龄人。在我的经验中，万事不仅「开头难」，更难的是之中漫长的努力过程。我曾需要在短时间内通过司法考试， CFA 考试，语言考试，钢琴考试；也曾需要做长时间的付出才能做到的事： 15 岁考上北大，学会粤语等各地方言。我深知，无论在短期还是长期的努力中，专注力是一种比时间更稀缺的资源：在这场 Live 中，我愿意分享我的经验。,提升专注力的四个方法,133,教育,1189,0,1215,1234,7616
838,999,999,73,4.08,见过女施主,,1,见过女施主， 可铭堂书法工作室成员，凭借三年钢笔字教学经验，  解答过很多初、高中学生和成年人练字的相关问题。可参见知乎回答【如何快速提升钢笔字】,女孩子该怎样练字？,134,生活方式,622,0,623,645,4228
310,1900,1900,20,4.3,seasonstar,大自然爱好者,1,我是 seasonstar，现在美国德州大学西南医学中心从事计算生物学方面的工作。在美国工作的近 5 年期间，参加了四项大规模基因组关联分析和全基因组测序分析工作，现正在进行大规模癌症基因组学研究。这些经历为我积累了大量在大规模数据处理、统计分析，数据挖掘方面的经验。加上之前在博士阶段的训练，我已有超过 10 年的数据统计分析经验。,实用统计分析与 R 入门（一）,175,互联网,659,0,676,694,615
2022,4900,4900,194,4.73,罗文益,异乡人。,1,我是程序员、阅读者罗文益，毕业于华南理工大学自动化系。我从大二开始就喜欢泡在图书馆里读书，从一本一本烂书读过来，再到自己主动选择经典好书，对一些主要学科，比如哲学、科学、经济学、政治科学、心理学、计算机等，都算是有一点了解。毕业后我成了程序员，写过推荐系统也做过网站开发，几年以来，我发现，我之前的自我通识教育对我的工作起到了一定的启发作用，也使得我的思维方式更加多元。因此我想要将我的个人通识阅读经验分享出来，给大家略作参考。,如何通过阅读改变思维方式？,606,教育,1189,0,1215,1234,2806
641,2900,2900,19,4.74,Wifs P,财会界的香川照之 | 公众号“WifsP的簿记鉴定科”,1,在上一场 Live 中，我和大家交流了一些关于财务尽调工作的目的、局限、适用性、对投资者价值等话题。这一场我会侧重于一些实务操作层面的话题。,投融资中的财务尽职调查（二）,77,金融与经济,573,0,590,610,359
521,4990,4990,44,4.84,SunLau,室内设计师 ，自由码字人,1,我是一名室内设计师，从业 12 年，2008 年成为自由职业至今。关注家居、生活方式、互联网和一切有趣的事。2011 年注册知乎以来，回答了 800 多个有关家居的问题。,给家点颜色，家居配色基础课,205,设计,271,0,280,283,1036
9668,999,999,718,4.47,萌萌的Crusher,微信公众号：CrusherTV 英语流利说APP内容负责人,1,我是萌 C ，美剧圈最大自媒体 What 创始人，一个只看美剧就把英语干翻、并且正在教全中国人学英语的套路高手。如果你想甩掉字幕看美剧、看懂全英新闻、轻松看 Youtube 视频；如果你英语水平很差，觉得培训课程太贵，自学又坚持不下；如果你「学好英语」的新年愿望到年底还没有实现，那这次的 Live 分享，就是为你准备的！,只看美剧就把英语干翻的套路！,133,音乐、影视和游戏,420,0,431,443,8341
127,999,999,21,4.24,刘金凯,前端开发工程师,1,我叫刘金凯，分享一些认知、程序开发相关方面的知识,高手的 7 种思维方式,53,教育,1189,0,1215,1234,264
2395,1288,1288,173,4.6,SimonS,BI Algo | WeChat:BigDataDaily,1,我是 SimonS ，知乎 13K 粉丝大透明一只。小学接触编程学习，初中自主创站，高中开始长达七年的 OI / ACM 竞赛，毕业后有四年计算广告及风控征信相关机器学习工作经历。现任初创公司算法技术总监、公司技术合伙人，负责广告精准投放及商业智能相关工作。,如何成为当下合格的算法工程师,96,互联网,659,0,676,694,1026
88,1999,1999,7,4.71,刘人杰,设计思维丨学习体验,1,"我是老刘，学习体验设计师，多个世界500强企业的创新顾问。擅长用设计思维（Design Thinking）解决复杂问题。2011年赴德国Hasso Plattner Institut，Design Thinking School学习设计思维。我有跨界职业背景：机械工程师（2年）、工业设计师（3年）、世界500强快消品企业品牌经理（3年）；
至今创业2次：
一只梨――帮设计师讲故事；
螃蟹快跑――让学习简单有趣唾手可得。
",可视化工作让复杂问题变简单,102,职业,1070,0,1109,1128,74
2511,1999,1999,140,4.56,尼克六六,知乎英语话题优秀答主，关注我英语会变厉害噢,1,"尼克六六，知乎英语话题高赞答主。

曾获得奖学金赴加拿大读高中，后毕业于剑桥大学。在国外生活、工作八年，现在致力于分享自己的英语学习方法，希望帮助每个人更轻松的学会英语。",如何利用碎片时间系统学习英语？,83,职业,1070,0,1109,1128,6052
362,1999,1999,22,4.77,题名,中财硕士，注会，「上牛人堂」创始人,1,中央财经大学管理学硕士，注册会计师，牛人堂科技创始人。从小第一， 11 岁患上严重精神分裂，几乎丧失学习能力，高考三本未去读；来北京自学考试 4 年半获会计专科、金融本科和工商管理本科，经济学学士； 21 岁开始创业做教育培训； 2015 年考上中财企业管理研究生，读研期间均获奖学金，同时考下了 CPA ，研二创立牛人堂科技公司。,三本>自考>中财研究生+CPA,121,教育,1189,0,1215,1234,1316
1950,999,999,148,4.87,大郎神,个人VX：Fan86655，欢迎礼貌咨询！,1,本人天津大学硕士在读，本科双非经管出身，硕考三跨985教育类专业，全程备考4个月，最终以高分成功录取。初试成绩优异，其中政治76分，英语一84分，公共课全院第一。课外长期担任某考研机构英语政治兼职直播讲师，并在知乎刊发多篇高赞良心考研经验帖，收藏量达30K以上。英语冲分Live已成功举办，超1.2K人参加，皆为五星满分评价！,三个月冲刺考研政治75分,176,教育,1189,0,1215,1234,887
7673,999,999,537,4.23,刘洹Burning,中国最全能塑身导师；提供优化时空的健身解决方案,1,我是香港大学博士生刘洹 Burning ，国际顶级机构美国国家运动医学会（ NASM ）认证体适能教练、女性训练专家和减重专家，目前是 Dr Burning Fitness 的创始人。我在 25 岁那年通过系统饮食、训练、作息从 177CM 长高到 182CM ，目前身高稳定在 181-182CM 左右。通过矫正体态使自己更挺拔其实是有一套系统科学方法的。,如何矫正体态，使自己更挺拔？,247,体育,194,0,179,197,4778
3671,1990,1990,116,4.66,张皓翔,慢流中的大鱼,1,"你好，我是张皓翔， 17 年广电人。在过去，我是一名节目总监制、卫视新闻评论员、国家广电总局项目制片人，目前的工作是广播电视节目评价，给 9 个省台的节目打分。

我开过一次 Live ，有幸获评 2 月最受欢迎 Live 。
开过一次课程，评分全五星。
可以说，我就是一个靠说话为生的人。
今天想和你分享的，就是我的手艺：说话。",学会这五招，让你的职场沟通胜人一筹,122,职业,1070,0,1109,1128,6426
5671,999,999,264,4.36,EGAB,博士生,0,"直博生，四川大学本科毕业，高分子材料与工程专业。现在保送北京大学攻读生物医学工程博士。
大学四年，绩点3.77（4分满分），四六级均在600分以上，托福110以上（120满分），科研做了两个课题，其中一个是国家级大创，已经在论文撰写阶段。曾在辩论队，并获得过最佳辩手，参加过学生会，社团等组织，在省级，市级比赛获奖。
",大学四年，时间如何分配？,282,教育,1189,0,1215,1234,6204
417,1000,1000,40,4.38,DHLLL,AC米兰球迷,1,我是 DHLLL ，目前在某国际运动品牌大中华地区总部任职。大学毕业后我作为管理培训生进入该集团，先后在多品牌渠道、大客户渠道以及业务规划营运等岗位任职至今。同时，我也是知乎「运动品牌」话题下的活跃回答者。,是时候认真挑一双运动鞋了,88,生活方式,622,0,623,645,534
780,999,999,39,4.21,Grit,Less is more,1,我是王毅，本科就读于一所双非工科学校，在经历了奇葩的86天每天10.5小时的复习后（没办法，太能睡TAT ）以411分考研成绩考入大连理工。在我的复习过程中，我总结出了一些具体技巧，也把其中通用的部分总结成了理论，相信我的分享能够助你在短时间内获得最大的收益。,考研，86天逆袭985,251,教育,1189,0,1215,1234,917
938,3770,3770,35,4.46,冼艺哲Casper,临床心理工作者,0,我是一名独立执业的临床心理工作者，毕业于香港大学社会科学院社会工作与公共管理学系婚姻及家庭治疗方向。毕业至今，一直都在做临床咨询工作，已经超过 2000 小时的临床经验，出版知乎一小时《单亲妈妈》一书。,爱情里的信任与背叛：出轨,177,心理学,218,0,230,239,500
974,1900,1900,57,4.3,李明威,我的微信18956789193，接受咨询和预约康复。公众号：健行者运动康复。,1,我是李明威，毕业于北体大运动康复，主要研究运动康复与健康，也是北京健行者运动康复的创始人。,腰痛的人如何进行正确的运动康复,223,体育,194,0,179,197,931
6456,999,999,391,4.4,刘洹Burning,中国最全能塑身导师；提供优化时空的健身解决方案,1,我是刘洹 Burning，美国国家运动医学会 NASM 认证教练、WLS 减重专家、WFS 女性训练专家、CES 纠正动作专家、FNS 营养专家，港大博士生。目前也是深圳博宁健康创始人，专注减肥。一年间，我帮助超过 700 名小伙伴通过线上成功减肥。我们的使命是提供最省时便捷的健身解决方案，用短时间和精力达到更好效果。,20 大超实用减肥狠招！,205,生活方式,622,0,623,645,5348
126,2900,2900,9,4.56,余婧,律师,0,我是余婧，婚姻律师，财富管理律师， CCTV-12 《法律讲堂》主讲人，创办中国唯一专注私人法律服务的律师机构――北京余婧律师事务所。,同居，你需要知道的一切,100,法律,238,0,241,245,575
203,999,999,12,4.58,magic,用最有效的方法学习，讲如何刷题，致力于深度学习算法研发,1,本科就读于厦门理工学院，研究生就读于厦门大学，现在为国内某上市公司程序员，工作内容是深度学习（计算机视觉方向）算法研发。研究生期间在该公司实习，实习后拿到正式offer。,上市公司深度学习算法研发 实习生心得,196,互联网,659,0,676,694,219
2463,999,999,279,4.43,潇峰学长,剑村社会学，语言控,1,我叫许潇峰，毕业于英国剑桥大学社会学专业。创造摸索出独家的语言学习方法，本科期间同时学习英日西三国外语，雅思8分，2015年学习日语半年后参加全英大学生日语演讲比赛进入复赛， 2016年作为中国青年代表参加联合国学术影响力全球青年峰会，并在联合国大会主席台用西班牙语就“绿色学院”概念发表压轴演讲。,如何三年掌握英日西三门语言,280,教育,1189,0,1215,1234,3846
3432,1999,1999,190,4.7,动机在杭州,《幸福课:不完美人生解答书》,1,"我是心理学博士，中国临床心理学会注册心理师, 《幸福课》作者。",患了「努力焦虑症」，怎么办？,98,心理学,218,0,230,239,6244
314,999,999,34,4.56,李翔,宇土茫茫 山高水长,1,北京大学经济学硕士。在2017年考研中，总分419分（北京地区），前三科公共课总分为308分。英语一88分，政治73分，数学三147分，专业课111分。初复试总成绩排名第一。特别地，我在英语一的大作文中获得18分（北京地区满分档）。在冲刺阶段我平均每天只花不到1小时来复习英语和政治（两科总复习时间日均少于2小时）。,北大419分学长教你考研如何冲刺,115,教育,1189,0,1215,1234,340
9182,999,999,442,4.36,刘洹Burning,中国最全能塑身导师；提供优化时空的健身解决方案,1,我是刘洹 Burning ，香港大学博士生。同时，我在美国和香港做过专业健身教练，获得了很多国际顶级认证，现在是 Dr Burning Fitness 的创始人。一年间，我们帮助超过 700 名小伙伴通过线上，不依靠健身房成功减肥。,每周健身 2 小时获得理想身材,216,体育,194,0,179,197,4196
50,1999,1999,5,4.2,倪云华,管理顾问/上市公司高管/专栏作家,1,倪云华，著有《共享经济大趋势》，资深管理顾问，曾在普华永道、IBM担任咨询顾问。上市互联网公司副总裁。知乎、虎嗅、36kr等财经科技媒体专栏作者。多家创业公司管理顾问。,学会做顶级咨询公司顾问的PPT,65,互联网,659,0,676,694,195
651,1900,1900,44,4.36,Wonder王达,知乎职场，英语类优质live主~ 个人公号：达说职场,1,我是 Wonder 王达，美国 PURDUE 大学硕士， CATTI3 ！现于某央企负责欧洲重大进口项目管理，每天都在用英语和法国人「相爱相杀」。 5 年来，我的足迹踏遍美国，法国，乌克兰，巴基斯坦，坦桑尼亚等地。在知乎，我是一个最不走书的教「心」匠，我将分享自己的英语学习方法和实战经验以及商务谈判经历，帮助大家切实提升自己的职场身价！,这样记单词你会上瘾（一）,73,教育,1189,0,1215,1234,1879
76,999,999,14,4.93,喵有爱,爱是人生最大的财富,0,我是喵有爱，已做过德语相关 Live 三次啦。,从零学德语 A1 （二）,176,教育,1189,0,1215,1234,171
673,1900,1900,60,4,华沙,NTU心理学博士在读。UoG心理学研究方法硕士。BJFU心理学学士。,1,我是华沙，南洋理工大学认知心理学在读博士生，主要研究的方向是「视知觉」这个大类下属的「面孔认知」。换句话说就是「人类如何判断以及理解他人的面孔」（主要是面部表情方面）。本人硕士是格拉斯哥大学进修心理学研究方法，本科在北京林业大学学习心理学。说来也巧，经过硕士导师们的加持，彻底走上了「面孔研究」的不归路。在知乎两年多了，我已经回答或者写了不少关于面孔和我们生活的文章，上了不少次日报，甚至最近发布了《看脸》一本纸质书。特别希望和大家分享下自己专业的知识，让每个人都能活得舒坦。,清醒一下，你真的喜欢他吗？,114,心理学,218,0,230,239,1469
599,4990,4990,36,4.67,舞者龚溢文,香港芭蕾舞团演员、中国首批英国皇家舞蹈学院PDTD教师、香港SJ芭蕾艺术中心,1,"龚溢文，香港芭蕾舞团演员，英国皇家舞蹈学院会员，英国皇家舞蹈学院专业级芭蕾大师，香港 SJ 芭蕾艺术中心联合创始人
毕业于北京舞蹈学院附中。

曾获奖项：
2009 年第九届中国桃李杯舞蹈大赛芭蕾舞乙组铜奖；
2010 年第三届北京国际芭蕾舞邀请赛三等奖；
2011 年美国 YAGP (Youth America Grand Prix) 国际芭蕾舞大赛优秀表演奖；
2011 年获得美国 Joffrey Ballet 芭蕾舞学校、美国 Rock School for Dance Education 、美国华盛顿基洛夫芭蕾舞学校(Kirov Academy of Ballet)，三间学校全额奖学金；
2012 年第二届中日芭蕾舞大赛全组别金奖；
2012 年获得 Jacob`s Pillow Dance Festival 全额奖学金，赴美留学现代舞。

表演作品：
古典芭蕾《天鹅湖》、《胡桃夹子》、《风流寡妇》、《唐吉可德》、《匹诺曹》、《灰姑娘》、《小夜曲》 、《主题与变奏》 、《茶花女》 、《吉赛尔》、 《葛贝利亚》等。现代舞剧 《 Castrati 》 、《杜兰朵》 、《点和线》 、《巢》 等。",如何让自己不驼背？挺拔高挑的诀窍,124,艺术,392,0,402,406,2024
690,999,999,41,4.39,石桥码农,日行一刻创始人，《小程序从0到1-微信全栈工程师一本通》作者,1,我是石桥码农，日行一刻 CEO ，小说式编程书籍《 Swift 语言快速入门》作者， 15 年老程序员一枚，早期小程序开发者之一， Adobe 中国首批 15 位社区管理员之一。,零基础周末学习小程序开发,179,互联网,659,0,676,694,862
585,1999,1999,34,4.12,Irene,微信～748601692。加vx标注：知乎。有问题去值乎提问。,0,"雅思听力阅读满分获得者，总分8分；大学时参加过中国英语辩论公开赛等大型赛事，获奖无数，大四当过国家级英文辩论赛评委；有笔译工作经验，经手数万字合同的翻译工作；20岁获得某211法学学位，跨行进入新东方，主讲雅思听力阅读和托福听力；培养众多高分学员，16年学员成绩达标率为91%；已让上百英语小白掌握提升英语水平的方法。
",四周英语计划―从小白到卓越,160,教育,1189,0,1215,1234,2837
3736,1666,1666,410,4.4,刘洹Burning,中国最全能塑身导师；提供优化时空的健身解决方案,1,我是刘洹 Burning ，在香港大学攻读博士学位，方向是水质与肥胖。同时，我在美国和香港期间一直在做专业健身教练，获得了美国国家运动医学会的私教认证（ NASM CPT ）、减重专家认证（ NASM WLS ）、女性训练专家认证（ NASM WFS ），目前是 Mr Burning Fatloss 的创始人。一年间，我们帮助超过 600 名小伙伴通过线上成功减肥，摸索出一套系统的方法，用短时间和精力达到更好效果。,减肥老反弹，你应该摆脱健身房,187,体育,194,0,179,197,3034
918,1999,1999,93,4.76,原画册韩松,"IPPA,MPA,MIRA手机摄影获奖，公众号：原画册",1,摄影师，原画册工作室创始人。全球 iPhone 摄影大赛人物类冠军。,提高手机摄影水平的关键技巧,157,艺术,392,0,402,406,2693
721,1314,1314,45,4.51,余婧,律师,0,我是余婧，婚姻家事律师，财富管理律师， CCTV12 《法律讲堂》栏目「最佳人气」、「最高收视」金牌主讲。首创「私人财富法律风险管理」体系，创办中国唯一专注私人法律服务的律师机构北京余婧律师事务所。,怎么谈恋爱不吃亏：从法律角度谈起,173,生活方式,622,0,623,645,1193
14073,999,999,841,4.66,刘洋,牛津大学博士生在读；重度拖延症患者；毕业论文撰写中；提笔忘字不知所言,1,我是刘洋，牛津大学计算机系在读博士，三年级，国家公派奖学金，研究方向为数据安全及隐私保护。我零六年参加高考，分数奇葩，只够上个三本院校。到学校发现自己是学校第二届学生，整个学校加起来大概一千五百人，算算还赶不上我高中的学生多。大一上学期高数挂科，大一下学期高数 61 分。刚进大学就谈恋爱混社团鼓捣学生会。以上就是我十年前的状态。假如当初我就告诉你，我将来会去牛津大学 。嗯，不是去看大门是去读博士。大概我需要把医药费一起赔给你，去镶大牙。,从国内三本到牛津博士,154,教育,1189,0,1215,1234,10454
1257,999,999,85,4.89,刘洹Burning,中国最全能塑身导师；提供优化时空的健身解决方案,1,我是刘洹 Burning ， Dr Burning Fitness 博宁健康创始人，香港大学博士生，我们希望帮助人们提供优化时空的健身解决方案。我在美国和香港做专业健身教练，获得了国际顶级机构美国国家运动医学会 NASM 私教、 NASM 减重专家、 NASM 女性训练专家、 NASM 营养专家认证。现在也是 NASM 在中国区的合作伙伴。,人人必备！5 分钟泡沫轴放松,155,体育,194,0,179,197,1109
81,2999,2999,8,4.75,青崧兄,私人定制眼镜设计师,1,"我是青崧兄，中国定制眼镜领域开创者，n多明星大咖（罗永浩，雕爷，潘虹，陈楚生等）的眼镜设计师。
同时我也是知乎眼镜话题的优秀答主，“在行”眼镜话题的优秀百单行家，之前知乎live全满意主播。
我的工作的使命就是（通过设计或搭配）让眼镜戴在客户脸上是好看的。",胖脸，怎么戴眼镜会好看,105,生活方式,622,0,623,645,368
433,1900,1900,34,4.44,胡一刀,公众号【一刀职场】,1,我是胡一刀，20 年企业高管，职场老司机，潜规则破解专家。带过的团队既有被总理接见的微型 TEAM，又有数万人的大型集团公司。擅长从老板的角度分析问题。,「一刀见效」的职场套路,122,职业,1070,0,1109,1128,512
237,999,999,28,4.61,喵有爱,爱是人生最大的财富,0,我是喵有爱，已做过德语相关 Live 两次。本次 Live 开始，从头教授德语课程，大约每周一次，在一学期的时间内上完 A1 所有内容。,从零开始德语A1学习（一）,181,教育,1189,0,1215,1234,443
965,2900,2900,52,4.37,云中,导演，编剧，影评人,1,"这是「虹膜经典电影沙龙」的第二期，在上个月的第一期中，我们举办了电影《肖申克的救赎》的精读沙龙。

我是第二期的主讲人云中，以下是自我简介：

我于 2015 年执导了电影处女作《呼吸正常》，之前有多年从事电影电视拍摄的经验，也写过十多年的影评。我看电影，喜欢从它的本质出发，研究它的叙事、人物、视听语言、风格技术。",《霸王别姬》，最伟大的国产片,159,音乐、影视和游戏,420,0,431,443,756
678,2999,2999,71,4.49,尼克六六,知乎英语话题优秀答主，关注我英语会变厉害噢,1,"尼克六六，知乎英语话题总赞数第一答主，知乎英语话题单个答案最高赞答主。
曾获得奖学金赴加拿大读高中，后毕业于剑桥大学。现致力于分享自己的英语学习方法，希望帮助每个人更轻松的学会英语。在国外生活、工作八年，出国前曾经在一个暑假内搞定了3000+单词，有自己一套独特的背单词方法，希望和大家分享。
",两个月解决英语单词高效方法,101,教育,1189,0,1215,1234,2802
377,1999,1999,33,4.61,黑桃K,推荐2个微信公众号：“考研前辈”与”保研前辈”,1,本人为北京大学国际关系学院2015届推免研究生，15年保研改革后的第一批小白鼠，参加过北清人等多个学校的夏令营和推免，专业领域从经管到法学，尝试过很多院校专业；后指导多位学弟、学妹保研北大、清华、人大、复旦等多个名校，并且许多都跨专业成功；擅长指导写作个人陈述和简历；联合北大同学，创办《保研前辈》知乎专栏和微信公众号。,如何成功保研?,119,教育,1189,0,1215,1234,619
4661,999,999,196,4.26,温义飞,用过都说好。,1,我是匾宸桑英国伦敦政治经济学院经济史专业硕士， BIMGO Engineering 亚太区副总经理。长期致力于经济学知识的科普，目前已在知乎回答了 80 + 个问题，被知乎收录 50 个回答，是知乎经济学领域优秀回答者，同时收获了 22 万+ 的赞同。,如何用经济学思维谈恋爱？,77,金融与经济,573,0,590,610,3432
815,999,999,48,4.38,Lucy,北理工硕士,0,我是Lucy学姐，标准女汉子一枚，北京理工大学15级硕士在读，本科双非经管类专业，硕考三跨北京理工 管理科学与工程，总分407，其中数学三150，运筹学134，全程备考5个月，初复试均第一。本科虽学渣，但精于短期应试备考，极度热爱数学，有自己小众的数学复习方法体系。平日在某考研机构兼职，已带两届考生，数学成绩普遍不俗。,考研数学150分经验分享,158,教育,1189,0,1215,1234,812
521,999,999,34,4,兆民,,1,"\个人发展学会\""副总裁",,,,,,,,
157,2999,2999,11,4.64,Kyee,UCL建筑学/教育学博士,1,我是Kyee，UCL在读博士，留学十年，MornEdu创始人。是一名建筑学教师，准确的说是通过作品集辅导把学生送去GSD、AA、UCL、MIT等藤校名校的建筑学教师,建筑学：老方法做不出好方案,113,设计,271,0,280,283,287
409,999,999,24,4.63,magic,用最有效的方法学习，讲如何刷题，致力于深度学习算法研发,1,本科就读于厦门理工学院，研究生就读于厦门大学，现在为国内某上市公司程序员。本科毕业后与公司同事辞职考研，为期7个月，一天学习十几个小时，分数没过国家线，考研失败告终！作为一个二本院校的学生，在第一次考研上倾注了很多心血，却换不来回报，这到底是哪里出了问题？隔年，索性再次辞去工作，二战，考上厦门大学，我到底做了哪些转变？,从二本到厦门大学,162,教育,1189,0,1215,1234,372
629,999,999,39,4.72,Sugar man,考研经验zhihu.com/lives/881895427966930944,1,2011年毕业于福建省某职业学院流管理专业，没有自考本科，工作一段时间后，2014年去新西兰打工旅行（working holiday)，2015年回国后有了考研的想法，经过2015年12月的初试和2016年3月复试，被华科录取并拿到二等奖学金。现华中科技大学法律硕士研二。擅长法律硕士考研，新西兰打工旅行规划。,专科考研985硕士（华科）,275,教育,1189,0,1215,1234,1267
839,999,999,44,4.75,原画册韩松,"IPPA,MPA,MIRA手机摄影获奖，公众号：原画册",1,我是韩松，摄影师，原画册工作室创始人，擅长手机摄影。全球 iPhone 摄影大赛人物类金奖得主， lofter 认证手机摄影师，入选 2016 lofter 年度热门摄影作品。 Arcaid 建筑摄影大赛获奖者； IPPA 、 MPA 、 MIRA 手机摄影比赛获奖。,只用手机，也能拍出旅行大片,175,音乐、影视和游戏,420,0,431,443,1357
653,999,999,94,4.94,文而不静,不做与未来无关的事。,0,嗨喽，正在紧张备考的考研ers，我是王文静，17年法硕考研汪。本科是山东师范大学，英语专业，现在已经顺利考入复旦，法律硕士，终于修炼为一名护蛋使者。,如何使用艾宾浩斯记忆曲线背诵考研书籍,157,法律,238,0,241,245,428
778,999,999,19,4,付常银,清华传媒经济硕士,0,清华大学传媒经济方向硕士，和君商学院七届。曾供职于国务院发展研究中心旗下媒体、新华社旗下杂志、经济观察报。现供职于清华系产业集团。熟悉并擅长内容撰写、品牌传播策划、传媒产业运作。关注财经与时尚领域，在微社交、拓展人脉方向略有心得。,如何让“说话”增加吸引力,124,生活方式,622,0,623,645,1608
8,999,999,0,0,单立人,微信：qwxnj88/专栏:《行路难》与行路难,1,我是单立人，长篇仙侠小说《行路难》作者，已与《收获》杂志旗下行距app签署了版权代理合同，比起写作我更醉心于阅读经典，正在做一个「私人阅读」的读书分享计划。,我是如何挤出时间来阅读写作的？,0,阅读与写作,314,0,316,321,20
394,1999,1999,27,4.11,幽哥,一个领悟，少走5年弯路。 | 公众号：职场蛙（hoppings）,1,本人2003年起历任德尔福汽车、柯达电子等美资外企职业经理人，兼任多家企业特邀管理顾问，善于职场咨询和创业辅导工作，已给上百家企业做过员工培训，并累计给10000多位职场人士做过单独的就业指导和职业规划。2014年创立上海优戈文化发展有限公司，代表作《工作只需20年》《逆袭时代》。,打工，如何实现财务自由？？,61,生活方式,622,0,623,645,1007
2489,1900,1900,114,4.57,冼艺哲Casper,临床心理工作者,0,我是一名独立执业的临床心理工作者，毕业于香港大学社会科学院社会工作与公共管理学系婚姻及家庭治疗方向。毕业至今，一直都在做临床咨询工作，已经超过 2000 小时的临床经验，出版知乎一小时《单亲妈妈》一书。,你和你的伴侣真的在沟通吗？,200,心理学,218,0,230,239,1186
1092,999,999,90,4.94,噼里啪啦,重生活和自由，轻存储和教育,1,高忠义，本科就读于长春一所地方二本院校，2016年从清华大学微纳电子系硕士毕业。与其他标榜自己本科成绩各种差的考研逆袭明星不一样的是我在本科阶段几乎拿到了学校能给的所有荣誉，无论从学科成绩还是社团工作。从大三上想考清华到大三下决定考，再到大四上全身心投入备考，用五个月的时间一战，打破了我们学校30年没有人上清华的魔咒。,【二本考研】如何5个月一战上清华,136,教育,1189,0,1215,1234,1898
310,2900,2900,25,4.28,开寅,九只苍蝇撞墙,1,我是开寅，笔名「九只苍蝇撞墙」，法国巴黎第一大学（索邦）电影学博士，研究课题是 1949-1966 年的中国电影，也是上海国际电影节选片人，编剧，还从事过近二十年的影评工作，目前在《虹膜》杂志开设德勒兹电影哲学专栏，在圈内广受关注。特别强调，王朔是我的人生偶像。,《我不是潘金莲》是中国电影的奇葩,128,音乐、影视和游戏,420,0,431,443,146
3819,2999,2999,436,4.84,草头萃,英语同声传译/理科女博士/非典型傲娇综合征,0,同声传译、CATTI 口译一级、全国口译大赛华北二等奖，市外办翻译，外国语大学高年级必修课外聘教师（教授同声传译、交替传译等），后进入自然科学科研圈工作，现在是一枚爱美又傲娇的自然学科准博士^^,性价比最高的英语学习方法 ,247,职业,1070,0,1109,1128,6567
249,999,999,36,4.83,Aurora,中二少女不可治,1,"Aurora
知乎钢琴话题高赞回答者                                       
星海音乐学院在读学生                                            
擅长幼儿钢琴启蒙教学及音乐素质培养",如何成为合格的幼儿钢琴教师,251,音乐、影视和游戏,420,0,431,443,229
112,1999,1999,7,4.86,于圣,临床眼科/视光学/接触镜学,0,我是于圣，眼科医院验光师，毕业于眼视光专业，国家高级验光员，国际角膜塑形镜（IAOA）亚洲分会结业会员，毕业后一直在眼科医院从事角膜接触镜验配工作。擅长软性隐形眼镜（SCL）的选择和验配、硬镜（RGP/MCT）相关问题的处理。同样也是一名有8年隐形眼镜配戴史的验光师，有任何隐形眼镜相关问题，欢迎咨询。,带你剥开隐形眼镜的糖衣炮弹,156,生活方式,622,0,623,645,771
135,999,999,9,4.78,小飞侠,专注,1,"我是一名硕士研究生，就读于北京工业大学控制科学与工程专业。本科只是普通二本，且成绩处于中等及以下水平。
一战哈工程，数学一 57 ，专业课 38 ，总分不到 200 （满分 500 ）。
二战目标定位帝都 211 ，成绩总分 364 （分数线 300 ）。
两次考研经历告诉我，思路和方法比努力更重要。希望可以帮助大家少走弯路，顺利考上理想院校！",本科生如何考研上211院校,62,教育,1189,0,1215,1234,696
909,999,999,31,4.16,周昶帆,成长话题& 科技控。 ,1,我是周昶帆，有 13 年阅读史的书虫。曾在《第一财经周刊》、 36 氪等媒体工作过，做的就是信息输入与输出的记者工作。从爱好到工作，读书对我的帮助很大。,读这三本书，换个视角看待实现自我,121,阅读与写作,314,0,316,321,1744
725,999,999,50,4.7,Dr.Liao,临床医学博士生,1,二本临床医学专业毕业，考研进入中山大学，现为中山大学博士生，哈佛大学联合培养博士,医学考研：从二本到哈佛,290,教育,1189,0,1215,1234,1322
150,1999,1999,17,4.94,草头萃,英语同声传译/理科女博士/非典型傲娇综合征,0,同声传译、CATTI 口译一级、全国口译大赛华北二等奖，市外办翻译，外国语大学高年级必修课外聘教师（教授同声传译、交替传译等），后进入自然科学科研圈工作，现在是一枚爱美又傲娇的自然学科准博士^^,The Economist 深度阅读训练（二）,272,教育,1189,0,1215,1234,301
16,1999,1999,0,0,王荣钊,我是一个人。,1,大家好，我是王荣钊，北京大学2017级基础数学研究生，一战以第二名成绩考入北京大学数学科学学院，对数学专业考研有自己的心得，各科成绩为英语一77，政治72，数学基础一96，数学基础二113。欢迎报考数学专业研究生的同学向我咨询问题与经验。,高分突破数学考研专业课之数学分析,1,教育,1189,0,1215,1234,32
23375,999,999,901,4.35,张皓翔,慢流中的大鱼,1,我是张皓翔，我想应聘当你的声音私教。先递上一份简历：精通邪派武功的正派高手，没受过一天专业训练，却当上了广播和电视主持人，一直做到节目总监；在国家广电总局导过剧，在中国国际广告节拿过奖；在线下，是严肃理性的卫视新闻评论员，在线上，是魔幻荒诞的 B 站视频 UP 张；是《心理学你妹》的声音编辑，也是《犀牛故事》的小说演播家；目前的工作是考评九个省级电台的节目，给他们打分。是传统媒体的价值守门人，更是精通跨界的欢乐大玩家。现在请我，你绝对赚大了。,声音私教课：如何更好听？,205,生活方式,622,0,623,645,5927
127,999,999,12,4.75,朝暮,澳洲留学本科传媒 硕士幼儿教育,0,留学澳洲 6 年，幼儿教育硕士毕业，幼教老师。,关于澳洲幼教专业的那些事儿,62,职业,1070,0,1109,1128,99
523,999,999,34,4.26,Light,医生,1,我是胡小光，小小眼科医生一枚，尽自己微薄之力给予人类光明。,近视手术靠谱吗,110,医学与健康,254,0,254,262,1468
586,4900,4900,16,4.75,马力,UI和交互设计师课程表 https://zhuanlan.zhihu.com/p/29264632,1,马力，超过 10 年经验的产品经理和设计师，最美应用创始人，创新工场早期成员，豌豆荚创始成员、产品经理， IBM 用户体验设计师。北京邮电大学数字媒体与设计学院校外导师（企业导师）。在产品、界面、运营、推广和商业变现方面皆有丰富实践，是知乎多个领域的优秀回答者，出版《产品设计师技能书》，撰写系列专栏《产品设计与用户体验如何思考》。,游戏领域的设计师之路,130,设计,271,0,280,283,303
497,1024,1024,16,4.81,康康,100offer 联合创始人兼首席人才官 ,0,"我是康康， 100offer 首席人才官。大数据工程师目前是互联网行业炙手可热的岗位，那么在成为优秀的大数据工程师前，你需要知道哪些事？

我们精心准备了［大数据工程师］系列 Live ，从几家不同类别的互联网公司中邀请优秀团队技术 Leader ，用真实的案例告诉你，顶尖的技术团队在做些什么？技术面试该如何准备？如何实现技术成长？",大数据工程师如何实现技术成长？,117,互联网,659,0,676,694,289
1257,1990,1990,63,4.78,淡豹,,1,淡豹：记者，作家。 1984 年生于哈尔滨，本科就读于北京大学社会学系，后赴芝加哥大学学习人类学，曾在福建安溪、四川黑水等地作田野调查。 2013 年开始虚构和非虚构写作，有小说、随笔等发表于《鲤》《小说界》「 One 一个」等。 2016 年进入媒体工作，现为界面新闻旗下非虚构平台「正午故事」主笔。,如何在碎片化生活中构建自己的阅读体系？,67,互联网,659,0,676,694,471
610,1024,1024,32,4.22,康康,100offer 联合创始人兼首席人才官 ,0,"我是康康， 100offer 首席人才官。大数据工程师目前是互联网行业炙手可热的岗位，那么在成为优秀的大数据工程师前，你需要知道哪些事？

我们精心准备了［大数据工程师］系列 Live ，从几家不同类别的互联网公司中邀请优秀团队技术 Leader ，用真实的案例告诉你，顶尖的技术团队在做些什么？技术面试该如何准备？如何实现技术成长？",大数据在金融领域有何应用？,92,科学技术,400,0,404,414,475
332,2900,2900,27,4.3,韩梦想,教书匠,0,我是韩梦想，中国传媒大学博士，目前在高校教书，专门研究香港电影。我也是虹膜电子杂志和公众平台的固定作者。《喜剧之王》是我看过最多遍数的一部电影，多到根本数不清，所以我熟悉片中每一个细节，每一句台词。,你可能没完全看懂《喜剧之王》,85,音乐、影视和游戏,420,0,431,443,375
174,999,999,7,4.71,极客公开课,,1,「极客公开课」由极客公园策划，这里有技术基础概念、实战应用案例，带你了解什么是真实、有用的智能，同步线上知乎实时直播问答，线下筛选 10 人与技术产品大牛深度面对面。,大数据用户画像你确定你真的懂？,67,互联网,659,0,676,694,72
143,1999,1999,12,4.75,Esquirrel,Hi，我是“电子松鼠”，剥开科学坚果、做一只爱分享、爱学习的PhD。,1,"Esquirrel ，北京大学在读博士生，专注智能硬件、人工智能与医学结合的交叉领域，知乎 6.3k 赞， 13k 收藏的小透明，人工智能医疗应用系列专栏作者。

刘锋，北京理工大学与多伦多大学联合培养博士， IEEE 学生会员。从事振动与噪声信号处理相关工作三年，发表学术论文 14 篇，出版信号处理教学软件 1 套。",信号处理基本理论及工程应用,211,科学技术,400,0,404,414,242
1055,1990,1990,60,4.43,乌云装扮者,媒体 / 心理,1,乌云装扮者，「乌云装扮者」是一个关于世界、黑色趣味和明亮内心的公众号，同时他也是一位资深媒体从业者。他曾在 GQ 担任资深报道编辑及 GQ 新媒体内容总监，后离职创业，目前已推出社交媒体项目@荒野气象台。,如何打造一个高质量的社交媒体？,121,互联网,659,0,676,694,757
1096,1990,1990,47,4.57,cbvivi,编辑、产品经理、UP 主,1,"cbvivi ，编辑，产品经理， vlogger ， UP 主。在《外滩画报》做过编辑和新媒体总监，写过一个叫「看，那个人在飞！」的博客，现在的视频节目叫「 1UP 」。 2016 年开始拍 vlog 。
",下一个短视频流行趋势？这一次从头了解 Vlog ！,131,互联网,659,0,676,694,264
879,1990,1990,24,4.63,方可成,宾大博士生，前《南方周末》记者，政见CNPolitics发起人,1,方可成：我本科和硕士就读于北京大学新闻与传播学院，毕业后在《南方周末》做了 3 年记者，现在是美国宾夕法尼亚大学 Annenberg 传播学院博士候选人。我也是政见 CNPolitics 团队的发起人，《东方历史评论》编辑，微信公号「新闻实验室」的主人。我长期观察传媒业，是一名积极的参与者和研究者。,这一场 Live，让你学会选择阅读西方媒体,89,互联网,659,0,676,694,280
7506,999,999,329,4.24,古典,新精英生涯创始人 / 顶尖个人事业发展顾问 / 微信gudian515,1,大家好，我是古典， 2007 年创办新精英生涯，主要从事个人事业发展与生涯规划研究，是全球职业教练（ BCC ）中国区首席导师（ Master Trainer ）。,厉害的人都是怎么学习的？,87,互联网,659,0,676,694,12311
